num_splits,batch,nhead,M,N,K,O,ck_mlir_time_ms,ck_ck_time_ms,faster,delta_ms,speedup_pct,ck_mlir_run_0,ck_mlir_run_1,ck_mlir_run_2,ck_mlir_run_3,ck_mlir_run_4,ck_ck_run_0,ck_ck_run_1,ck_ck_run_2,ck_ck_run_3,ck_ck_run_4
3,2,4,1,1024,32,32,0.0224851,0.0133241,ck_ck,-0.009161,-68.76,0.0223969,0.0224503,0.022656,0.0225759,0.0224851,0.0132663,0.0134116,0.0133149,0.0134213,0.0133241
3,2,4,1,1024,32,48,0.0224911,0.0135629,ck_ck,-0.008928,-65.83,0.0224745,0.0224911,0.0226237,0.0224163,0.0225719,0.0135857,0.0135629,0.0136089,0.0135298,0.0134714
3,2,4,1,1024,32,64,0.0227045,0.0132906,ck_ck,-0.009414,-70.83,0.022773,0.022572,0.0222084,0.0227045,0.0227507,0.0134275,0.0132906,0.0133126,0.0132438,0.0132749
3,2,4,1,1024,32,80,0.0225425,0.0145981,ck_ck,-0.007944,-54.42,0.0225605,0.0225425,0.0226343,0.0221962,0.0223092,0.0145436,0.0146013,0.0145955,0.0145991,0.0145981
3,2,4,1,1024,32,96,0.0224481,0.0149366,ck_ck,-0.007511,-50.29,0.0224481,0.0227403,0.0220492,0.0225863,0.022034,0.0149366,0.0150235,0.014888,0.0150259,0.0148961
3,2,4,1,1024,32,128,0.0226681,0.014546,ck_ck,-0.008122,-55.84,0.0226915,0.0226681,0.0227406,0.0226573,0.0225657,0.014546,0.0146607,0.0145438,0.0146604,0.0145398
3,2,4,1,1024,32,192,0.0227606,0.0188563,ck_ck,-0.003904,-20.71,0.022583,0.0227606,0.0229105,0.0231024,0.0226621,0.0188562,0.0189933,0.0188536,0.0189958,0.0188563
3,2,4,1,1024,32,256,0.0227532,0.0194977,ck_ck,-0.003256,-16.70,0.0226738,0.0227532,0.0226074,0.0227803,0.023386,0.0194294,0.0195332,0.0194956,0.0195316,0.0194977
3,2,4,1,1024,48,32,0.0224751,0.0164397,ck_ck,-0.006035,-36.71,0.0223672,0.0225787,0.0224482,0.0224751,0.0225457,0.0164224,0.0165781,0.0164397,0.0165765,0.0164357
3,2,4,1,1024,48,48,0.0226579,0.0144211,ck_ck,-0.008237,-57.12,0.0226805,0.0226579,0.0223766,0.0227428,0.022648,0.0143996,0.0145528,0.0143962,0.0144211,0.0145503
3,2,4,1,1024,48,64,0.02262,0.0134738,ck_ck,-0.009146,-67.88,0.0226338,0.0226492,0.022558,0.0226178,0.02262,0.0136824,0.0134738,0.0133868,0.0133373,0.0135116
3,2,4,1,1024,48,80,0.0225297,0.015498,ck_ck,-0.007032,-45.37,0.0224161,0.0221417,0.0225297,0.0225662,0.0225798,0.0155003,0.0153885,0.015498,0.0153895,0.0155008
3,2,4,1,1024,48,96,0.022572,0.0154158,ck_ck,-0.007156,-46.42,0.0225305,0.0226174,0.02268,0.0224772,0.022572,0.015417,0.0152993,0.0154182,0.0152991,0.0154158
3,2,4,1,1024,48,128,0.0228191,0.0159075,ck_ck,-0.006912,-43.45,0.0227884,0.0228191,0.0232029,0.0228211,0.0227925,0.0159091,0.0157459,0.0159075,0.0157997,0.0159106
3,2,4,1,1024,48,192,0.0243101,0.0218694,ck_ck,-0.002441,-11.16,0.0243101,0.0244315,0.0242804,0.0244667,0.0243007,0.0218787,0.0218694,0.021897,0.0218528,0.0218312
3,2,4,1,1024,48,256,0.0240809,0.0205192,ck_ck,-0.003562,-17.36,0.0241042,0.0239315,0.0241127,0.0239211,0.0240809,0.0204739,0.0205746,0.0205192,0.020581,0.0204675
3,2,4,1,1024,64,32,0.0224799,0.0133966,ck_ck,-0.009083,-67.80,0.0225483,0.0225273,0.0223488,0.0224799,0.0224695,0.0133966,0.0134715,0.0134482,0.0132052,0.013396
3,2,4,1,1024,64,48,0.0223896,0.0135348,ck_ck,-0.008855,-65.42,0.0225583,0.0223896,0.0221442,0.022599,0.0223124,0.0135226,0.0135858,0.0134614,0.0135348,0.0135658
3,2,4,1,1024,64,64,0.022556,0.0135516,ck_ck,-0.009004,-66.45,0.022556,0.0225331,0.022767,0.0226929,0.0224739,0.0135516,0.0136015,0.013412,0.0135626,0.0135128
3,2,4,1,1024,64,80,0.0226629,0.0155728,ck_ck,-0.007090,-45.53,0.0226629,0.0232836,0.022603,0.0228193,0.0224459,0.015523,0.0156725,0.0155588,0.0156972,0.0155728
3,2,4,1,1024,64,96,0.0224215,0.0158688,ck_ck,-0.006553,-41.29,0.0226103,0.0225534,0.0223558,0.0224215,0.0221796,0.0157743,0.0158947,0.0158688,0.0158862,0.0157726
3,2,4,1,1024,64,128,0.0223128,0.0161525,ck_ck,-0.006160,-38.14,0.0224354,0.0220636,0.0223128,0.0225806,0.0222849,0.0161525,0.0162997,0.0161489,0.0162993,0.0161512
3,2,4,1,1024,64,192,0.0230379,0.0203203,ck_ck,-0.002718,-13.37,0.0232958,0.0230321,0.0230027,0.0230379,0.0231437,0.0203203,0.0204398,0.0202904,0.0204289,0.020282
3,2,4,1,1024,64,256,0.0252215,0.0217645,ck_ck,-0.003457,-15.88,0.0252215,0.0249241,0.0252274,0.0249309,0.025224,0.0217065,0.0218049,0.0217645,0.0218066,0.0216686
3,2,4,1,1024,80,32,0.0225548,0.013439,ck_ck,-0.009116,-67.83,0.0226647,0.022222,0.0226239,0.0224683,0.0225548,0.0133748,0.013439,0.0134576,0.0133116,0.0135554
3,2,4,1,1024,80,48,0.0228126,0.0160408,ck_ck,-0.006772,-42.22,0.0226472,0.0228777,0.0228428,0.0228126,0.0228075,0.0160408,0.0161582,0.0160216,0.0161395,0.0160106
3,2,4,1,1024,80,64,0.0227576,0.0143833,ck_ck,-0.008374,-58.22,0.0228256,0.0226553,0.0225495,0.0229856,0.0227576,0.0143257,0.01451,0.0143221,0.0145092,0.0143833
3,2,4,1,1024,80,80,0.0226037,0.0165704,ck_ck,-0.006033,-36.41,0.0226848,0.0226037,0.0225123,0.0224917,0.0226103,0.0165677,0.0167149,0.0165682,0.0167149,0.0165704
3,2,4,1,1024,80,96,0.0226695,0.0160326,ck_ck,-0.006637,-41.40,0.0226964,0.0224362,0.0226695,0.0225881,0.0227209,0.0160326,0.0159005,0.016034,0.015963,0.0160372
3,2,4,1,1024,80,128,0.0224162,0.0175896,ck_ck,-0.004827,-27.44,0.0224162,0.0224923,0.0220322,0.0223214,0.0225137,0.0175896,0.017507,0.0175918,0.0175111,0.0175933
3,2,4,1,1024,80,192,0.0243158,0.0217087,ck_ck,-0.002607,-12.01,0.024152,0.0243389,0.0241539,0.0243454,0.0243158,0.0217087,0.0216488,0.0217396,0.0216562,0.0217283
3,2,4,1,1024,80,256,0.0251152,0.0225704,ck_ck,-0.002545,-11.27,0.0250491,0.0251152,0.0250737,0.0251357,0.0253074,0.0225946,0.0225083,0.0225704,0.022547,0.0225836
3,2,4,1,1024,96,32,0.0224693,0.0133962,ck_ck,-0.009073,-67.73,0.022118,0.0226277,0.022278,0.0226399,0.0224693,0.01349,0.0133648,0.0133962,0.0134186,0.0133766
3,2,4,1,1024,96,48,0.0227525,0.0138296,ck_ck,-0.008923,-64.52,0.0227913,0.0227337,0.0227237,0.0227525,0.0228413,0.0137809,0.0138988,0.0137744,0.013898,0.0138296
3,2,4,1,1024,96,64,0.0225423,0.013926,ck_ck,-0.008616,-61.87,0.0223462,0.0225423,0.0227077,0.0225366,0.0225444,0.0138935,0.0140327,0.013926,0.0139242,0.0140316
3,2,4,1,1024,96,80,0.0226039,0.01614,ck_ck,-0.006464,-40.05,0.0226837,0.0225152,0.0224982,0.0227418,0.0226039,0.01614,0.0160312,0.0161491,0.0160949,0.0161568
3,2,4,1,1024,96,96,0.0226971,0.0157323,ck_ck,-0.006965,-44.27,0.0225517,0.0227369,0.0226971,0.0227523,0.0224736,0.0157323,0.0156161,0.0157365,0.0156283,0.0157431
3,2,4,1,1024,96,128,0.022654,0.0164929,ck_ck,-0.006161,-37.36,0.0222575,0.0226898,0.0226532,0.0229523,0.022654,0.0164929,0.0163691,0.0165327,0.0164383,0.0165148
3,2,4,1,1024,96,192,0.0232533,0.0207859,ck_ck,-0.002467,-11.87,0.0232477,0.0234961,0.0232533,0.0233628,0.0231949,0.0207658,0.0207859,0.0207625,0.0207868,0.0207945
3,2,4,1,1024,96,256,0.0243155,0.0219819,ck_ck,-0.002334,-10.62,0.0243155,0.0245548,0.0242602,0.0245313,0.0242715,0.0220017,0.0219486,0.0219613,0.0219819,0.0220376
3,2,4,1,1024,128,32,0.02256,0.0134891,ck_ck,-0.009071,-67.25,0.02256,0.0226161,0.0225083,0.022587,0.0223578,0.0134891,0.0135427,0.0134543,0.0135451,0.0134472
3,2,4,1,1024,128,48,0.0224906,0.0142265,ck_ck,-0.008264,-58.09,0.0223109,0.0224751,0.0227092,0.0226361,0.0224906,0.0142227,0.0143413,0.014224,0.0143462,0.0142265
3,2,4,1,1024,128,64,0.0227166,0.0141072,ck_ck,-0.008609,-61.03,0.0227675,0.0227115,0.0227166,0.0224238,0.0227429,0.0141072,0.0141645,0.0141034,0.0141628,0.0141044
3,2,4,1,1024,128,80,0.0224701,0.0151499,ck_ck,-0.007320,-48.32,0.0224701,0.0224779,0.0223463,0.0224981,0.022363,0.0151499,0.0151729,0.0150789,0.0151567,0.0150689
3,2,4,1,1024,128,96,0.0227028,0.0158388,ck_ck,-0.006864,-43.34,0.0229119,0.0226666,0.0227028,0.0228177,0.0225507,0.0158653,0.0158342,0.0158388,0.015878,0.0157948
3,2,4,1,1024,128,128,0.022633,0.0160562,ck_ck,-0.006577,-40.96,0.0225505,0.0228129,0.0222994,0.022633,0.022824,0.0160562,0.0161625,0.016053,0.0161598,0.0160545
3,2,4,1,1024,128,192,0.0246487,0.0222428,ck_ck,-0.002406,-10.82,0.0248149,0.0245665,0.0246487,0.0248168,0.0246463,0.0222456,0.022212,0.0222428,0.0222385,0.0222445
3,2,4,1,1024,128,256,0.0249789,0.0223153,ck_ck,-0.002664,-11.94,0.0250332,0.0249683,0.0250336,0.0249146,0.0249789,0.022327,0.0223791,0.0223142,0.0222654,0.0223153
3,2,4,1,1024,192,32,0.0226742,0.0150159,ck_ck,-0.007658,-51.00,0.0227029,0.0223732,0.0226742,0.0225128,0.0227208,0.0150159,0.014919,0.0150253,0.0149208,0.0150276
3,2,4,1,1024,192,48,0.022653,0.0158954,ck_ck,-0.006758,-42.51,0.0227734,0.022653,0.022578,0.0227402,0.0225723,0.0158954,0.015796,0.0158998,0.01577,0.0158976
3,2,4,1,1024,192,64,0.0227242,0.0163822,ck_ck,-0.006342,-38.71,0.0227615,0.0227242,0.0226132,0.0228209,0.0227048,0.0164849,0.0163822,0.0164827,0.0163633,0.0163377
3,2,4,1,1024,192,80,0.022894,0.0177638,ck_ck,-0.005130,-28.88,0.022894,0.0233197,0.0231139,0.0224932,0.0224383,0.0177833,0.0177496,0.0177638,0.017754,0.0177668
3,2,4,1,1024,192,96,0.0227371,0.0183556,ck_ck,-0.004381,-23.87,0.0227371,0.0222931,0.0228695,0.0225867,0.022813,0.0183556,0.0184071,0.0183272,0.0184133,0.0183284
3,2,4,1,1024,192,128,0.0227546,0.019072,ck_ck,-0.003683,-19.31,0.0227681,0.0227546,0.022719,0.0227951,0.0224384,0.0190732,0.0190539,0.019072,0.0190256,0.0190732
3,2,4,1,1024,192,192,0.0265591,0.0234888,ck_ck,-0.003070,-13.07,0.0264517,0.0265591,0.0267252,0.0265581,0.0267099,0.0234902,0.0233678,0.0234902,0.0234309,0.0234888
3,2,4,1,1024,192,256,0.0265242,0.023167,ck_ck,-0.003357,-14.49,0.0264387,0.0266416,0.0264375,0.0265242,0.0266387,0.0231065,0.0231692,0.0230733,0.023167,0.0231882
3,2,4,1,1024,256,32,0.0226368,0.0166657,ck_ck,-0.005971,-35.83,0.0226368,0.0229336,0.0223738,0.0227591,0.0223422,0.0166695,0.0166656,0.0166681,0.0166652,0.0166657
3,2,4,1,1024,256,48,0.0228305,0.017855,ck_ck,-0.004976,-27.87,0.0228811,0.022656,0.0229572,0.0226748,0.0228305,0.0178619,0.017855,0.01774,0.0178555,0.0177167
3,2,4,1,1024,256,64,0.0226904,0.0179927,ck_ck,-0.004698,-26.11,0.0226323,0.0225855,0.0226904,0.0227265,0.0227358,0.0179927,0.0180825,0.0179851,0.0180837,0.017985
3,2,4,1,1024,256,80,0.0228248,0.0190682,ck_ck,-0.003757,-19.70,0.0227536,0.0228248,0.0227209,0.0229328,0.0228453,0.0190682,0.0191506,0.0190601,0.0191457,0.01906
3,2,4,1,1024,256,96,0.0229501,0.0201422,ck_ck,-0.002808,-13.94,0.0229501,0.022945,0.023052,0.0228882,0.0230307,0.0200563,0.0201591,0.0200803,0.0201592,0.0201422
3,2,4,1,1024,256,128,0.0235879,0.0204379,ck_ck,-0.003150,-15.41,0.0236026,0.0235067,0.0235897,0.0233515,0.0235879,0.0204223,0.0205474,0.0204379,0.0205531,0.0204369
3,2,4,1,1024,256,192,0.0285694,0.0255454,ck_ck,-0.003024,-11.84,0.0285662,0.0286247,0.0285694,0.0286112,0.0285661,0.0255454,0.0256128,0.0255226,0.0256137,0.0255199
3,2,4,1,1024,256,256,0.0291165,0.026568,ck_ck,-0.002548,-9.59,0.0291165,0.0290156,0.0291211,0.0290274,0.0291201,0.0265624,0.026613,0.026556,0.026616,0.026568
3,2,4,1,2048,32,32,0.0226124,0.0185975,ck_ck,-0.004015,-21.59,0.0226002,0.022664,0.0226124,0.0228387,0.0224393,0.0185162,0.018631,0.0185931,0.0186278,0.0185975
3,2,4,1,2048,32,48,0.0242782,0.0214713,ck_ck,-0.002807,-13.07,0.0242782,0.0242888,0.0242199,0.024266,0.0243255,0.021391,0.0214695,0.0215305,0.0214713,0.021537
3,2,4,1,2048,32,64,0.022514,0.0189924,ck_ck,-0.003522,-18.54,0.0226763,0.0227429,0.022514,0.0220398,0.0224663,0.0189577,0.0191043,0.0189924,0.0191052,0.0189209
3,2,4,1,2048,32,80,0.0247156,0.0221142,ck_ck,-0.002601,-11.76,0.0252524,0.0246549,0.0247278,0.0246598,0.0247156,0.022137,0.0221142,0.0221453,0.0221139,0.0221142
3,2,4,1,2048,32,96,0.0262498,0.023263,ck_ck,-0.002987,-12.84,0.026154,0.0262649,0.0261275,0.0262498,0.0264877,0.023221,0.023311,0.023263,0.0233077,0.0232533
3,2,4,1,2048,32,128,0.0259072,0.0232149,ck_ck,-0.002692,-11.60,0.0259195,0.0256797,0.0259172,0.0257138,0.0259072,0.0232146,0.0232356,0.0232149,0.0232306,0.0231093
3,2,4,1,2048,32,192,0.0329839,0.0297253,ck_ck,-0.003259,-10.96,0.0329746,0.0330196,0.0329839,0.0330007,0.0329571,0.0297253,0.0298023,0.0296856,0.0298037,0.0296654
3,2,4,1,2048,32,256,0.0342039,0.0315627,ck_ck,-0.002641,-8.37,0.0342053,0.0339283,0.0342086,0.0339254,0.0342039,0.0315627,0.0316489,0.0315547,0.0316507,0.0315568
3,2,4,1,2048,48,32,0.0225059,0.0196107,ck_ck,-0.002895,-14.76,0.0225059,0.0225476,0.022501,0.0224644,0.0226708,0.0195874,0.0197095,0.0196107,0.019713,0.0195283
3,2,4,1,2048,48,48,0.0257087,0.0231669,ck_ck,-0.002542,-10.97,0.0257073,0.0255915,0.0257107,0.0257106,0.0257087,0.0231516,0.0231846,0.023172,0.0231392,0.0231669
3,2,4,1,2048,48,64,0.0237245,0.0211204,ck_ck,-0.002604,-12.33,0.0237245,0.0238528,0.0237061,0.0238362,0.0236812,0.0211204,0.0211257,0.02113,0.0210932,0.0210855
3,2,4,1,2048,48,80,0.0259906,0.0233293,ck_ck,-0.002661,-11.41,0.0259965,0.0259872,0.0259906,0.0259833,0.025997,0.0233284,0.0233275,0.0233321,0.0233293,0.0233327
3,2,4,1,2048,48,96,0.0271125,0.0242459,ck_ck,-0.002867,-11.82,0.0271084,0.0271159,0.0271125,0.0271274,0.0268357,0.0242459,0.0242318,0.0242701,0.0242039,0.0242683
3,2,4,1,2048,48,128,0.0282189,0.0254678,ck_ck,-0.002751,-10.80,0.0282189,0.0283296,0.0282172,0.0283354,0.0280036,0.0254781,0.0254205,0.0254794,0.0254297,0.0254678
3,2,4,1,2048,48,192,0.0382957,0.0355863,ck_ck,-0.002709,-7.61,0.038321,0.0382476,0.0383113,0.0381963,0.0382957,0.0356422,0.0355863,0.035677,0.035557,0.0355728
3,2,4,1,2048,48,256,0.0392381,0.0367404,ck_ck,-0.002498,-6.80,0.039244,0.0392381,0.0392412,0.0391734,0.0389186,0.0367404,0.0367312,0.0367499,0.0366428,0.0367411
3,2,4,1,2048,64,32,0.0228073,0.0189912,ck_ck,-0.003816,-20.09,0.0228024,0.0227924,0.0229321,0.0228073,0.0229573,0.0189914,0.0188932,0.0189912,0.0188651,0.0189923
3,2,4,1,2048,64,48,0.0234324,0.0207106,ck_ck,-0.002722,-13.14,0.0233382,0.0234814,0.0234324,0.0234373,0.0233028,0.0207242,0.0206693,0.0207106,0.0206346,0.0207125
3,2,4,1,2048,64,64,0.0243014,0.0217595,ck_ck,-0.002542,-11.68,0.0242365,0.0243156,0.0240795,0.0243014,0.0243481,0.0217658,0.0215446,0.0217595,0.0216159,0.021764
3,2,4,1,2048,64,80,0.0272458,0.0245571,ck_ck,-0.002689,-10.95,0.0270639,0.0272763,0.0270643,0.0272783,0.0272458,0.0246674,0.0245571,0.0245307,0.0246723,0.024548
3,2,4,1,2048,64,96,0.0274472,0.0247492,ck_ck,-0.002698,-10.90,0.0274652,0.0273502,0.0274472,0.0273537,0.0274571,0.0247247,0.0248663,0.0247492,0.0248567,0.0247439
3,2,4,1,2048,64,128,0.0284224,0.0252689,ck_ck,-0.003154,-12.48,0.0284493,0.0282831,0.0284224,0.0282546,0.0284447,0.0252271,0.0252836,0.0252689,0.0252946,0.0252554
3,2,4,1,2048,64,192,0.0381427,0.0349587,ck_ck,-0.003184,-9.11,0.0381427,0.0381412,0.0381648,0.0380748,0.0381825,0.0348836,0.0349587,0.0348745,0.0349794,0.0350707
3,2,4,1,2048,64,256,0.0382725,0.035709,ck_ck,-0.002564,-7.18,0.0382725,0.0382863,0.0382683,0.0382828,0.0382658,0.0357125,0.0356757,0.0357111,0.0356805,0.035709
3,2,4,1,2048,80,32,0.0239796,0.0211699,ck_ck,-0.002810,-13.27,0.0239918,0.0234778,0.0239842,0.0234793,0.0239796,0.0211748,0.0211648,0.021173,0.0211651,0.0211699
3,2,4,1,2048,80,48,0.0268039,0.0242744,ck_ck,-0.002529,-10.42,0.0268039,0.0268026,0.0268068,0.0270314,0.0267966,0.0243261,0.0242862,0.0242424,0.0242744,0.0242563
3,2,4,1,2048,80,64,0.0263438,0.0237587,ck_ck,-0.002585,-10.88,0.026335,0.0263759,0.0263421,0.0265488,0.0263438,0.0237608,0.0237286,0.0237587,0.0237296,0.0237678
3,2,4,1,2048,80,80,0.0286458,0.0259583,ck_ck,-0.002687,-10.35,0.0286416,0.0286759,0.0286458,0.0286723,0.0286408,0.0259063,0.0259572,0.0260159,0.0259583,0.0260168
3,2,4,1,2048,80,96,0.0298954,0.027021,ck_ck,-0.002874,-10.64,0.0299548,0.0298954,0.029956,0.029725,0.0298566,0.0270166,0.0270765,0.0270042,0.02707,0.027021
3,2,4,1,2048,80,128,0.0301833,0.0276155,ck_ck,-0.002568,-9.30,0.0301846,0.0300152,0.0301833,0.0300157,0.0301852,0.0275748,0.0277249,0.0275687,0.027726,0.0276155
3,2,4,1,2048,80,192,0.0376789,0.0351445,ck_ck,-0.002534,-7.21,0.0376915,0.0374809,0.0377037,0.0375016,0.0376789,0.0350629,0.035192,0.0351445,0.035192,0.0351397
3,2,4,1,2048,80,256,0.0395519,0.0367578,ck_ck,-0.002794,-7.60,0.0395519,0.0394043,0.0395533,0.0393957,0.0395689,0.036732,0.0368388,0.0367074,0.0368458,0.0367578
3,2,4,1,2048,96,32,0.0229776,0.0202903,ck_ck,-0.002687,-13.24,0.0230072,0.0226881,0.0230047,0.0227145,0.0229776,0.0202903,0.0202924,0.0202652,0.0203051,0.0202637
3,2,4,1,2048,96,48,0.0249812,0.0223792,ck_ck,-0.002602,-11.63,0.0249812,0.0249617,0.024926,0.0250265,0.0250852,0.0223918,0.0223815,0.0223779,0.0223778,0.0223792
3,2,4,1,2048,96,64,0.0257,0.0231379,ck_ck,-0.002562,-11.07,0.0256958,0.0258206,0.0257,0.0258261,0.0256675,0.023144,0.0230709,0.0231379,0.0230717,0.0231469
3,2,4,1,2048,96,80,0.0290926,0.0268368,ck_ck,-0.002256,-8.41,0.0290909,0.0292181,0.0290926,0.0292131,0.0290885,0.0268368,0.0268037,0.0268396,0.0268017,0.026844
3,2,4,1,2048,96,96,0.0290508,0.0263326,ck_ck,-0.002718,-10.32,0.0290508,0.0290885,0.0290451,0.0290943,0.0290444,0.0263326,0.0262267,0.0263404,0.0262635,0.0263354
3,2,4,1,2048,96,128,0.0300428,0.0271191,ck_ck,-0.002924,-10.78,0.0300428,0.0302545,0.029975,0.0302618,0.0299789,0.0271191,0.0270312,0.0271235,0.0270513,0.0271219
3,2,4,1,2048,96,192,0.0358356,0.0332458,ck_ck,-0.002590,-7.79,0.0358936,0.0358356,0.0358773,0.0357984,0.0356813,0.0332458,0.0332073,0.0332712,0.0332062,0.0332717
3,2,4,1,2048,96,256,0.0392771,0.0372791,ck_ck,-0.001998,-5.36,0.0392771,0.039041,0.0394175,0.0390674,0.0394243,0.037265,0.0373676,0.0372771,0.0373422,0.0372791
3,2,4,1,2048,128,32,0.0248917,0.0224999,ck_ck,-0.002392,-10.63,0.0249059,0.0248312,0.0248972,0.0248404,0.0248917,0.0224946,0.0225355,0.0224994,0.0225372,0.0224999
3,2,4,1,2048,128,48,0.0260821,0.0234609,ck_ck,-0.002621,-11.17,0.0260821,0.0259568,0.0260836,0.0259572,0.0260849,0.023466,0.023441,0.0234609,0.0234391,0.0235016
3,2,4,1,2048,128,64,0.0252125,0.0227395,ck_ck,-0.002473,-10.88,0.0252336,0.0251319,0.0252147,0.0251128,0.0252125,0.0227409,0.0227395,0.0226867,0.0227436,0.0226069
3,2,4,1,2048,128,80,0.0277355,0.0250963,ck_ck,-0.002639,-10.52,0.0277355,0.0276278,0.0277709,0.0277488,0.0277329,0.0250966,0.0250612,0.0250963,0.0250591,0.0250975
3,2,4,1,2048,128,96,0.0286942,0.0264351,ck_ck,-0.002259,-8.55,0.0286942,0.0286611,0.0291676,0.0286684,0.0289573,0.0264351,0.0264468,0.0263934,0.0264464,0.026298
3,2,4,1,2048,128,128,0.0298428,0.0269142,ck_ck,-0.002929,-10.88,0.0298537,0.0295121,0.0298492,0.0294913,0.0298428,0.0269142,0.0269787,0.0269105,0.02698,0.0269124
3,2,4,1,2048,128,192,0.0421859,0.0389012,ck_ck,-0.003285,-8.44,0.0421955,0.042128,0.0422037,0.0421511,0.0421859,0.0388861,0.039022,0.0388847,0.0390229,0.0389012
3,2,4,1,2048,128,256,0.0410343,0.0385465,ck_ck,-0.002488,-6.45,0.0410343,0.0408623,0.0410563,0.0408767,0.0410509,0.0385484,0.0385469,0.0385344,0.0385437,0.0385465
3,2,4,1,2048,192,32,0.0276626,0.0248672,ck_ck,-0.002795,-11.24,0.0276618,0.0276594,0.0276626,0.0276652,0.027667,0.024861,0.0249724,0.0248672,0.0249655,0.0248025
3,2,4,1,2048,192,48,0.02932,0.0266727,ck_ck,-0.002647,-9.93,0.02932,0.0292455,0.0293466,0.029266,0.0293889,0.0266025,0.0267352,0.026694,0.026622,0.0266727
3,2,4,1,2048,192,64,0.0299702,0.0272999,ck_ck,-0.002670,-9.78,0.0299768,0.0298639,0.0299736,0.0297508,0.0299702,0.0272999,0.0273142,0.0272895,0.0273198,0.0272872
3,2,4,1,2048,192,80,0.0336756,0.0308198,ck_ck,-0.002856,-9.27,0.0336631,0.0336797,0.0336716,0.0336964,0.0336756,0.0308183,0.0308177,0.0308455,0.0308198,0.0308501
3,2,4,1,2048,192,96,0.034187,0.0315626,ck_ck,-0.002624,-8.31,0.0342074,0.0342413,0.034187,0.0339863,0.0340572,0.0315188,0.0316478,0.0315286,0.0316397,0.0315626
3,2,4,1,2048,192,128,0.0357708,0.0328759,ck_ck,-0.002895,-8.81,0.0357708,0.0355919,0.0357756,0.0355975,0.0357869,0.0328592,0.0329859,0.0328383,0.0330038,0.0328759
3,2,4,1,2048,192,192,0.0436522,0.0410755,ck_ck,-0.002577,-6.27,0.0436683,0.0437009,0.0435359,0.0436522,0.0434994,0.0410834,0.0409819,0.0410755,0.0409754,0.0410849
3,2,4,1,2048,192,256,0.0445187,0.0411827,ck_ck,-0.003336,-8.10,0.044504,0.0446012,0.0444883,0.0446033,0.0445187,0.0411832,0.0411392,0.0411902,0.0411347,0.0411827
3,2,4,1,2048,256,32,0.0315391,0.0287126,ck_ck,-0.002826,-9.84,0.0315391,0.0315543,0.0315334,0.0315464,0.0309576,0.028724,0.0286824,0.0287173,0.0286876,0.0287126
3,2,4,1,2048,256,48,0.0317037,0.0294174,ck_ck,-0.002286,-7.77,0.0317037,0.0319409,0.0315971,0.0319414,0.0316572,0.0294092,0.0294182,0.0294174,0.0294276,0.0294063
3,2,4,1,2048,256,64,0.0332922,0.0305959,ck_ck,-0.002696,-8.81,0.0333,0.0332238,0.0332922,0.0332265,0.0333065,0.0307156,0.0305959,0.0307178,0.0305782,0.0305937
3,2,4,1,2048,256,80,0.0358462,0.0331248,ck_ck,-0.002721,-8.22,0.0358471,0.0356418,0.0358553,0.0356408,0.0358462,0.0331231,0.0332479,0.0331248,0.0332488,0.0331153
3,2,4,1,2048,256,96,0.0373829,0.034333,ck_ck,-0.003050,-8.88,0.0373829,0.0371265,0.0373946,0.0370975,0.0373838,0.034333,0.0345384,0.0343315,0.0345284,0.0343211
3,2,4,1,2048,256,128,0.0376244,0.0350134,ck_ck,-0.002611,-7.46,0.0378029,0.037239,0.0378077,0.0376244,0.0374241,0.0350134,0.0349101,0.0350245,0.0349254,0.0350274
3,2,4,1,2048,256,192,0.0475961,0.0450292,ck_ck,-0.002567,-5.70,0.0475981,0.0475541,0.0476036,0.0475437,0.0475961,0.0450226,0.045026,0.0450386,0.0450292,0.0450396
3,2,4,1,2048,256,256,0.0488796,0.046251,ck_ck,-0.002629,-5.68,0.0488796,0.0490187,0.0488656,0.0488746,0.0490227,0.0461822,0.0463033,0.046251,0.0463006,0.0461681
3,2,4,1,4096,32,32,0.0325508,0.0296065,ck_ck,-0.002944,-9.94,0.0325508,0.0321226,0.0325597,0.0319717,0.0325535,0.0296044,0.0297548,0.029593,0.0297554,0.0296065
3,2,4,1,4096,32,48,0.0380123,0.0355875,ck_ck,-0.002425,-6.81,0.0382694,0.0379374,0.0380056,0.0382429,0.0380123,0.0356053,0.0355161,0.0355875,0.0354248,0.0355967
3,2,4,1,4096,32,64,0.0336337,0.031216,ck_ck,-0.002418,-7.75,0.0335361,0.0338852,0.0335505,0.0338899,0.0336337,0.031219,0.031216,0.0312189,0.0312149,0.0312077
3,2,4,1,4096,32,80,0.0416022,0.0390274,ck_ck,-0.002575,-6.60,0.0416145,0.0416022,0.0416016,0.0416072,0.0413897,0.0390274,0.0389442,0.0390288,0.0389395,0.0390277
3,2,4,1,4096,32,96,0.0429782,0.0403791,ck_ck,-0.002599,-6.44,0.0427462,0.0429781,0.0430169,0.0429782,0.0430116,0.0403791,0.0403392,0.0404005,0.0403354,0.0403953
3,2,4,1,4096,32,128,0.0422904,0.039684,ck_ck,-0.002606,-6.57,0.0422904,0.0423697,0.0422858,0.0423694,0.0422867,0.0396936,0.0396457,0.0397108,0.0396457,0.039684
3,2,4,1,4096,32,192,0.0572971,0.0548016,ck_ck,-0.002495,-4.55,0.0572077,0.0573298,0.0572192,0.0572971,0.0573024,0.0548016,0.0546924,0.0548298,0.0546906,0.0548287
3,2,4,1,4096,32,256,0.0577716,0.0543074,ck_ck,-0.003464,-6.38,0.0577716,0.057868,0.0577025,0.0578816,0.0577077,0.0543074,0.0543248,0.0542927,0.054209,0.0543593
3,2,4,1,4096,48,32,0.0352218,0.0325968,ck_ck,-0.002625,-8.05,0.0351518,0.035224,0.0352976,0.0352218,0.0352011,0.032602,0.0324964,0.0326002,0.0325032,0.0325968
3,2,4,1,4096,48,48,0.0411806,0.0387532,ck_ck,-0.002427,-6.26,0.0411265,0.0412046,0.0412487,0.0411806,0.0410895,0.0387532,0.0386778,0.0387601,0.0389718,0.0387346
3,2,4,1,4096,48,64,0.0367525,0.0341339,ck_ck,-0.002619,-7.67,0.0366879,0.0366664,0.0367525,0.0369324,0.0367604,0.0340817,0.0341994,0.0341339,0.0341835,0.0341152
3,2,4,1,4096,48,80,0.0441285,0.04142,ck_ck,-0.002709,-6.54,0.0441285,0.043981,0.044129,0.0439891,0.0441292,0.04142,0.0415107,0.0414151,0.0415093,0.0413669
3,2,4,1,4096,48,96,0.0448093,0.0421007,ck_ck,-0.002709,-6.43,0.0448093,0.0446233,0.0448131,0.044717,0.0448181,0.0421007,0.0422085,0.0420677,0.0422028,0.0420604
3,2,4,1,4096,48,128,0.0468941,0.0436874,ck_ck,-0.003207,-7.34,0.0469219,0.04669,0.0468941,0.0466163,0.0468945,0.04363,0.0437665,0.0436874,0.0437489,0.0436776
3,2,4,1,4096,48,192,0.0657572,0.062664,ck_ck,-0.003093,-4.94,0.065921,0.0657076,0.0657792,0.065706,0.0657572,0.0627025,0.0626721,0.062664,0.0626015,0.0626623
3,2,4,1,4096,48,256,0.0627679,0.0602858,ck_ck,-0.002482,-4.12,0.0626669,0.0627727,0.0626624,0.0627679,0.0629708,0.0602401,0.0603331,0.0602858,0.0603478,0.0602155
3,2,4,1,4096,64,32,0.034105,0.031304,ck_ck,-0.002801,-8.95,0.0341135,0.0335289,0.0341172,0.0335389,0.034105,0.031304,0.0313792,0.0313,0.0313675,0.0312943
3,2,4,1,4096,64,48,0.0374979,0.03483,ck_ck,-0.002668,-7.66,0.0374922,0.0376275,0.0374979,0.037745,0.0374885,0.0348288,0.03487,0.0348244,0.0348606,0.03483
3,2,4,1,4096,64,64,0.0386062,0.035897,ck_ck,-0.002709,-7.55,0.0386062,0.0387391,0.038566,0.0387365,0.0385931,0.035897,0.0360304,0.0358964,0.0360323,0.035894
3,2,4,1,4096,64,80,0.0435653,0.0409151,ck_ck,-0.002650,-6.48,0.0435837,0.0433152,0.0435653,0.0433076,0.0435662,0.0409072,0.0409624,0.0408973,0.0409588,0.0409151
3,2,4,1,4096,64,96,0.0466943,0.0442466,ck_ck,-0.002448,-5.53,0.0468191,0.0466943,0.0466685,0.0468421,0.0466691,0.0442466,0.0441467,0.0442579,0.0441174,0.0442809
3,2,4,1,4096,64,128,0.0483332,0.0460087,ck_ck,-0.002325,-5.05,0.0481463,0.0484462,0.0483332,0.0484369,0.0482313,0.0460087,0.0458375,0.0460196,0.0458373,0.046009
3,2,4,1,4096,64,192,0.0623284,0.0598049,ck_ck,-0.002523,-4.22,0.0621979,0.0623783,0.0623284,0.0623299,0.062252,0.0598456,0.0596833,0.0598049,0.0597287,0.059823
3,2,4,1,4096,64,256,0.0674142,0.0649291,ck_ck,-0.002485,-3.83,0.0674142,0.0675535,0.0673592,0.0675324,0.067251,0.0649318,0.0649291,0.0649243,0.064882,0.0649419
3,2,4,1,4096,80,32,0.0370806,0.0345337,ck_ck,-0.002547,-7.38,0.0370168,0.0372162,0.0370163,0.0372175,0.0370806,0.0345405,0.0344583,0.0345337,0.0344528,0.0345342
3,2,4,1,4096,80,48,0.0478749,0.045278,ck_ck,-0.002597,-5.74,0.0478891,0.0478353,0.0478749,0.0478414,0.0478926,0.0452724,0.0453066,0.0452772,0.045321,0.045278
3,2,4,1,4096,80,64,0.0421212,0.0394509,ck_ck,-0.002670,-6.77,0.0421212,0.0419786,0.0421525,0.041981,0.0421434,0.0394509,0.039403,0.0394687,0.0393936,0.0394583
3,2,4,1,4096,80,80,0.0498457,0.0470541,ck_ck,-0.002792,-5.93,0.0498096,0.0498674,0.0497877,0.0498457,0.0499073,0.0470611,0.0470444,0.0470667,0.0470483,0.0470541
3,2,4,1,4096,80,96,0.0472733,0.044704,ck_ck,-0.002569,-5.75,0.0470467,0.0473205,0.0470523,0.0473181,0.0472733,0.0447052,0.0446459,0.0447148,0.0446141,0.044704
3,2,4,1,4096,80,128,0.0527955,0.0503277,ck_ck,-0.002468,-4.90,0.0527955,0.0530373,0.0527515,0.0530379,0.0527598,0.0503277,0.0501981,0.0503653,0.0502459,0.0503578
3,2,4,1,4096,80,192,0.0658141,0.0634605,ck_ck,-0.002354,-3.71,0.0658141,0.066055,0.0657793,0.0659905,0.0656919,0.0635837,0.063441,0.0634605,0.0635104,0.0634464
3,2,4,1,4096,80,256,0.0705183,0.0678542,ck_ck,-0.002664,-3.93,0.0705183,0.0706208,0.0704796,0.0706238,0.0703942,0.0678542,0.067738,0.067876,0.0677771,0.0680076
3,2,4,1,4096,96,32,0.0360082,0.0333586,ck_ck,-0.002650,-7.94,0.0357861,0.0361233,0.0359789,0.0361419,0.0360082,0.0333657,0.0332612,0.0333734,0.0332439,0.0333586
3,2,4,1,4096,96,48,0.0396457,0.0370157,ck_ck,-0.002630,-7.11,0.0393729,0.0396457,0.0393663,0.0396606,0.0396901,0.0370157,0.0369518,0.0370219,0.0369547,0.0370249
3,2,4,1,4096,96,64,0.0407203,0.0381573,ck_ck,-0.002563,-6.72,0.0405985,0.0407314,0.0405909,0.0407203,0.0407525,0.0381548,0.0381702,0.0381573,0.0381671,0.0381519
3,2,4,1,4096,96,80,0.0472395,0.0449821,ck_ck,-0.002257,-5.02,0.0472362,0.0476218,0.0472273,0.0476198,0.0472395,0.0449915,0.044907,0.0449834,0.0448873,0.0449821
3,2,4,1,4096,96,96,0.0462549,0.0436654,ck_ck,-0.002590,-5.93,0.0463148,0.046282,0.0461304,0.0462219,0.0462549,0.0435189,0.0436772,0.0436654,0.0436751,0.0435142
3,2,4,1,4096,96,128,0.0495371,0.0464795,ck_ck,-0.003058,-6.58,0.049593,0.0494576,0.0495371,0.0495365,0.0496193,0.046459,0.0465346,0.0464795,0.0465293,0.0464543
3,2,4,1,4096,96,192,0.0643555,0.0612783,ck_ck,-0.003077,-5.02,0.0643605,0.064318,0.0644155,0.0642905,0.0643555,0.0612184,0.0613407,0.0611475,0.0613121,0.0612783
3,2,4,1,4096,96,256,0.0641372,0.0616255,ck_ck,-0.002512,-4.08,0.0640894,0.0642544,0.0640652,0.0642106,0.0641372,0.0616037,0.0616255,0.0616627,0.0615924,0.0616629
3,2,4,1,4096,128,32,0.0389382,0.0364847,ck_ck,-0.002453,-6.72,0.038937,0.0390248,0.0389382,0.0390238,0.0389335,0.0364892,0.0363698,0.0364847,0.0363618,0.0364918
3,2,4,1,4096,128,48,0.0412933,0.0387629,ck_ck,-0.002530,-6.53,0.0410472,0.0413538,0.0412841,0.0413661,0.0412933,0.0387629,0.0386441,0.0387749,0.0386184,0.0387864
3,2,4,1,4096,128,64,0.040992,0.0384173,ck_ck,-0.002575,-6.70,0.0409265,0.0410668,0.0409859,0.041089,0.040992,0.0383693,0.0384738,0.0384173,0.0384674,0.0383135
3,2,4,1,4096,128,80,0.0442081,0.0415569,ck_ck,-0.002651,-6.38,0.0442067,0.0442412,0.0442081,0.0442206,0.0442063,0.0415569,0.0415698,0.0414821,0.0415703,0.0414792
3,2,4,1,4096,128,96,0.0466816,0.0440224,ck_ck,-0.002659,-6.04,0.0466951,0.0465479,0.0466816,0.0465218,0.0466917,0.0440224,0.0441068,0.0440137,0.0439893,0.0441103
3,2,4,1,4096,128,128,0.0477482,0.0452522,ck_ck,-0.002496,-5.52,0.0477482,0.048158,0.0477332,0.0481567,0.0477383,0.0452644,0.045106,0.0452522,0.0451006,0.0452654
3,2,4,1,4096,128,192,0.0689004,0.0664257,ck_ck,-0.002475,-3.73,0.0689004,0.0689929,0.0688705,0.068988,0.0688005,0.0664257,0.0662491,0.0664594,0.0663939,0.0664314
3,2,4,1,4096,128,256,0.0664721,0.0639633,ck_ck,-0.002509,-3.92,0.0663606,0.0664619,0.0665104,0.0664794,0.0664721,0.0639633,0.0639892,0.063962,0.063984,0.0639385
3,2,4,1,4096,192,32,0.0444754,0.0417733,ck_ck,-0.002702,-6.47,0.0444754,0.0445093,0.0444484,0.0445157,0.0440407,0.0418018,0.0417189,0.041808,0.0417488,0.0417733
3,2,4,1,4096,192,48,0.047093,0.044425,ck_ck,-0.002668,-6.01,0.0471037,0.0470572,0.047093,0.047048,0.0471066,0.0443017,0.0444341,0.0443602,0.0444253,0.044425
3,2,4,1,4096,192,64,0.0489396,0.0463496,ck_ck,-0.002590,-5.59,0.0490241,0.0489396,0.0488955,0.0490004,0.0489059,0.0463443,0.0463412,0.0463496,0.0463627,0.0463667
3,2,4,1,4096,192,80,0.0532608,0.0506893,ck_ck,-0.002571,-5.07,0.0532686,0.0531253,0.0532639,0.0530967,0.0532608,0.0506893,0.0506802,0.0506982,0.0506657,0.0506982
3,2,4,1,4096,192,96,0.0556913,0.0532232,ck_ck,-0.002468,-4.64,0.0556913,0.0554616,0.0556934,0.0554689,0.0557037,0.0532232,0.0530386,0.0532479,0.0531704,0.0532474
3,2,4,1,4096,192,128,0.0584772,0.0558859,ck_ck,-0.002591,-4.64,0.0584686,0.0586973,0.0584693,0.0587156,0.0584772,0.0559247,0.0556899,0.0559284,0.0557404,0.0558859
3,2,4,1,4096,192,192,0.0730921,0.070627,ck_ck,-0.002465,-3.49,0.0729374,0.0732182,0.072948,0.0732162,0.0730921,0.0706771,0.070561,0.070687,0.070627,0.0706208
3,2,4,1,4096,192,256,0.0720807,0.0693019,ck_ck,-0.002779,-4.01,0.0721121,0.0721405,0.0719636,0.0720717,0.0720807,0.0692961,0.0694651,0.0693019,0.0694805,0.0692336
3,2,4,1,4096,256,32,0.0503491,0.0475668,ck_ck,-0.002782,-5.85,0.0503513,0.0502671,0.0503748,0.0500657,0.0503491,0.0475668,0.0477367,0.0475566,0.0477256,0.0475626
3,2,4,1,4096,256,48,0.0540867,0.0514347,ck_ck,-0.002652,-5.16,0.0541479,0.0540517,0.0541522,0.0539006,0.0540867,0.0515131,0.0514347,0.05132,0.0514931,0.0513274
3,2,4,1,4096,256,64,0.055045,0.0522743,ck_ck,-0.002771,-5.30,0.0550518,0.0549482,0.055045,0.0549593,0.0550603,0.0521911,0.0523421,0.0522597,0.0523343,0.0522743
3,2,4,1,4096,256,80,0.0581803,0.0557539,ck_ck,-0.002426,-4.35,0.0581844,0.0580504,0.0581865,0.0580426,0.0581803,0.0557539,0.0558234,0.0557408,0.0558114,0.0557295
3,2,4,1,4096,256,96,0.0625121,0.0639479,ck_mlir,0.001436,2.25,0.0625121,0.0625181,0.0625153,0.0623418,0.0624893,0.0639313,0.0640563,0.0639375,0.0640558,0.0639479
3,2,4,1,4096,256,128,0.063368,0.0639531,ck_mlir,0.000585,0.91,0.063368,0.0632604,0.0633947,0.063269,0.0633916,0.0639284,0.0640001,0.0639531,0.0640119,0.0639389
3,2,4,1,4096,256,192,0.0808619,0.0783976,ck_ck,-0.002464,-3.14,0.080892,0.0808338,0.0808619,0.0808409,0.080914,0.0785306,0.0783976,0.0783374,0.0784004,0.0783465
3,2,4,1,4096,256,256,0.0938018,0.094482,ck_mlir,0.000680,0.72,0.0938921,0.0928478,0.0945464,0.0928089,0.0938018,0.0935263,0.094482,0.0930402,0.0962366,0.0966577
3,2,4,16,1024,32,32,0.0226706,0.0134129,ck_ck,-0.009258,-69.02,0.0229168,0.0225955,0.0226719,0.022542,0.0226706,0.0134003,0.0135184,0.0136246,0.013377,0.0134129
3,2,4,16,1024,32,48,0.0226944,0.0137514,ck_ck,-0.008943,-65.03,0.0226926,0.0226771,0.0227826,0.0231093,0.0226944,0.01373,0.0137979,0.0137327,0.013799,0.0137514
3,2,4,16,1024,32,64,0.0226359,0.0133372,ck_ck,-0.009299,-69.72,0.0226461,0.0230274,0.0225881,0.02255,0.0226359,0.0133262,0.0133372,0.0133106,0.0134731,0.0133453
3,2,4,16,1024,32,80,0.0226544,0.0166003,ck_ck,-0.006054,-36.47,0.0227594,0.0227907,0.0226422,0.0224193,0.0226544,0.0166213,0.0166003,0.0166056,0.0165908,0.0165965
3,2,4,16,1024,32,96,0.0225987,0.0153336,ck_ck,-0.007265,-47.38,0.0226029,0.0225987,0.0225601,0.0226069,0.0224926,0.0153366,0.0153336,0.0153289,0.0153333,0.0153366
3,2,4,16,1024,32,128,0.0226928,0.0155686,ck_ck,-0.007124,-45.76,0.0226928,0.0225902,0.0226252,0.0226983,0.022726,0.0155742,0.0155662,0.0155741,0.0155459,0.0155686
3,2,4,16,1024,32,192,0.0227052,0.0255842,ck_mlir,0.002879,11.25,0.0226802,0.0226886,0.0227052,0.0227334,0.0236457,0.0255854,0.0255485,0.0255909,0.0255484,0.0255842
3,2,4,16,1024,32,256,0.0228826,0.0201144,ck_ck,-0.002768,-13.76,0.0228794,0.0229115,0.0229704,0.0228523,0.0228826,0.0201085,0.0201601,0.0200938,0.0201626,0.0201144
3,2,4,16,1024,48,32,0.0225962,0.0133799,ck_ck,-0.009216,-68.88,0.0225723,0.0225962,0.0225656,0.0227324,0.0227583,0.0133941,0.0133799,0.0134099,0.0130952,0.0133434
3,2,4,16,1024,48,48,0.0227242,0.0152906,ck_ck,-0.007434,-48.62,0.0228552,0.0225693,0.0227242,0.0232408,0.0226339,0.0152881,0.0153552,0.0152906,0.0152382,0.0153569
3,2,4,16,1024,48,64,0.0226889,0.0134278,ck_ck,-0.009261,-68.97,0.0226258,0.0228292,0.0226568,0.0226889,0.0228033,0.0133538,0.0135121,0.0135011,0.0134278,0.0133564
3,2,4,16,1024,48,80,0.023213,0.0154719,ck_ck,-0.007741,-50.03,0.023213,0.0231806,0.0232153,0.023176,0.0233762,0.0154715,0.0154869,0.0154719,0.0154897,0.0154685
3,2,4,16,1024,48,96,0.0225861,0.0158479,ck_ck,-0.006738,-42.52,0.0225286,0.0222567,0.022643,0.0225861,0.0225921,0.0158479,0.015804,0.015851,0.0158052,0.0158559
3,2,4,16,1024,48,128,0.0225816,0.0162439,ck_ck,-0.006338,-39.02,0.0226651,0.0225816,0.0227719,0.022535,0.0224889,0.0162464,0.016201,0.0162439,0.0162,0.0162484
3,2,4,16,1024,48,192,0.0251564,0.0226114,ck_ck,-0.002545,-11.26,0.0251405,0.0251695,0.0251413,0.0251689,0.0251564,0.0226266,0.0226147,0.0226086,0.0226114,0.0226008
3,2,4,16,1024,48,256,0.0241236,0.0215996,ck_ck,-0.002524,-11.69,0.0241236,0.0239414,0.0241274,0.0239476,0.0241244,0.0216007,0.0215917,0.0215996,0.0215885,0.0215998
3,2,4,16,1024,64,32,0.0225184,0.0133051,ck_ck,-0.009213,-69.25,0.0225184,0.0225284,0.0223796,0.0225337,0.0224531,0.0132531,0.0134013,0.0133029,0.0133051,0.01333
3,2,4,16,1024,64,48,0.0227503,0.0135844,ck_ck,-0.009166,-67.47,0.0227503,0.0228845,0.0227377,0.0224578,0.0228457,0.0135918,0.0136662,0.0135655,0.0135844,0.0135281
3,2,4,16,1024,64,64,0.0227227,0.0146304,ck_ck,-0.008092,-55.31,0.0229526,0.0227227,0.0225343,0.0227948,0.0225331,0.0146304,0.0146663,0.0146266,0.0146656,0.0146281
3,2,4,16,1024,64,80,0.0226932,0.0155082,ck_ck,-0.007185,-46.33,0.0226877,0.0227847,0.0225465,0.0226932,0.0228503,0.0154799,0.0155082,0.0155249,0.0155301,0.0154565
3,2,4,16,1024,64,96,0.0226175,0.0166389,ck_ck,-0.005979,-35.93,0.0227395,0.0224201,0.0226968,0.0226175,0.0224721,0.0166389,0.0166267,0.0166603,0.0166458,0.0166279
3,2,4,16,1024,64,128,0.0224966,0.0175275,ck_ck,-0.004969,-28.35,0.0223874,0.0232327,0.0223479,0.0225444,0.0224966,0.0175294,0.0175257,0.0175283,0.0175246,0.0175275
3,2,4,16,1024,64,192,0.0235095,0.0208673,ck_ck,-0.002642,-12.66,0.0236756,0.0234662,0.0235095,0.0236749,0.0234953,0.0208673,0.0207812,0.0208722,0.0207763,0.02087
3,2,4,16,1024,64,256,0.0251311,0.0227325,ck_ck,-0.002399,-10.55,0.0251311,0.0253317,0.0251291,0.025331,0.0249828,0.0227325,0.0227069,0.0227142,0.022737,0.022738
3,2,4,16,1024,80,32,0.0225781,0.0133573,ck_ck,-0.009221,-69.03,0.0225388,0.0225048,0.0226893,0.0225781,0.0226396,0.0133053,0.0133706,0.0133573,0.0132262,0.0134492
3,2,4,16,1024,80,48,0.0227241,0.0163776,ck_ck,-0.006347,-38.75,0.022548,0.0227241,0.0226707,0.0229689,0.0228974,0.0163422,0.0164503,0.0163776,0.0164533,0.0163626
3,2,4,16,1024,80,64,0.0228091,0.0147057,ck_ck,-0.008103,-55.10,0.0228091,0.0229582,0.0227733,0.0227447,0.0228531,0.0147057,0.0147537,0.0146977,0.0147518,0.0146875
3,2,4,16,1024,80,80,0.0248725,0.0170904,ck_ck,-0.007782,-45.53,0.0248725,0.024908,0.0248663,0.0249041,0.0248663,0.0170824,0.0170904,0.0171081,0.0170893,0.017146
3,2,4,16,1024,80,96,0.0227486,0.0165319,ck_ck,-0.006217,-37.60,0.022658,0.0227486,0.0222633,0.0227722,0.0228544,0.0165319,0.0165118,0.0165555,0.0165367,0.0165303
3,2,4,16,1024,80,128,0.0226235,0.01813,ck_ck,-0.004494,-24.78,0.0225741,0.0225866,0.022643,0.0226235,0.0226308,0.018128,0.0181293,0.01813,0.0181318,0.0181311
3,2,4,16,1024,80,192,0.0255734,0.0224776,ck_ck,-0.003096,-13.77,0.0255734,0.0256377,0.0255508,0.0256343,0.0255502,0.0224779,0.0224141,0.0224776,0.0223936,0.0224802
3,2,4,16,1024,80,256,0.0267126,0.0234071,ck_ck,-0.003305,-14.12,0.0267126,0.0268769,0.0266216,0.0268324,0.0266301,0.0234071,0.0233806,0.0234078,0.0233823,0.0234117
3,2,4,16,1024,96,32,0.022508,0.013971,ck_ck,-0.008537,-61.11,0.0227198,0.0224191,0.0227502,0.0223903,0.022508,0.0139667,0.0141715,0.013967,0.0141695,0.013971
3,2,4,16,1024,96,48,0.022705,0.0141253,ck_ck,-0.008580,-60.74,0.0226213,0.0227026,0.022705,0.0228167,0.0227241,0.0141268,0.0141253,0.0141341,0.0141218,0.0141128
3,2,4,16,1024,96,64,0.0228765,0.0142705,ck_ck,-0.008606,-60.31,0.0228864,0.0229837,0.0227007,0.022239,0.0228765,0.0142867,0.0142482,0.0143101,0.0142576,0.0142705
3,2,4,16,1024,96,80,0.024163,0.0164584,ck_ck,-0.007705,-46.81,0.0240724,0.024163,0.0242817,0.0241449,0.0243204,0.0164584,0.01646,0.0164543,0.0164595,0.0164577
3,2,4,16,1024,96,96,0.0224395,0.0161088,ck_ck,-0.006331,-39.30,0.0225922,0.0224395,0.0224047,0.0225448,0.0223884,0.0161088,0.0161313,0.0161076,0.0160961,0.0161134
3,2,4,16,1024,96,128,0.0227771,0.0169351,ck_ck,-0.005842,-34.50,0.023008,0.0224227,0.0227771,0.0226641,0.022786,0.0169528,0.016863,0.0169468,0.016866,0.0169351
3,2,4,16,1024,96,192,0.0235759,0.0212361,ck_ck,-0.002340,-11.02,0.0234383,0.0238101,0.0235558,0.0236564,0.0235759,0.0212233,0.0212638,0.0212244,0.021273,0.0212361
3,2,4,16,1024,96,256,0.0254478,0.0227424,ck_ck,-0.002705,-11.90,0.025449,0.0254227,0.0254478,0.0255407,0.0254276,0.0226822,0.0227496,0.0226975,0.0227424,0.0227481
3,2,4,16,1024,128,32,0.0275482,0.0165079,ck_ck,-0.011040,-66.88,0.0228277,0.0302127,0.0275482,0.0311064,0.0269491,0.0165079,0.0162333,0.0190129,0.0159173,0.0175428
3,2,4,16,1024,128,48,0.0363168,0.0249938,ck_ck,-0.011323,-45.30,0.0437425,0.0363168,0.0438886,0.0316894,0.0292076,0.0241687,0.0265259,0.0257355,0.0178858,0.0249938
3,2,4,16,1024,128,64,0.030474,0.0145887,ck_ck,-0.015885,-108.89,0.0293583,0.0388562,0.031033,0.0294992,0.030474,0.024003,0.0145887,0.0145576,0.0145891,0.01456
3,2,4,16,1024,128,80,0.0228122,0.015459,ck_ck,-0.007353,-47.57,0.0226659,0.023147,0.022912,0.0228122,0.022336,0.0154599,0.0154316,0.0154594,0.0154329,0.015459
3,2,4,16,1024,128,96,0.0236106,0.0161458,ck_ck,-0.007465,-46.23,0.0352971,0.0403483,0.0236106,0.0228993,0.0230762,0.0161076,0.0161392,0.0161887,0.0161458,0.0161589
3,2,4,16,1024,128,128,0.0226877,0.0167466,ck_ck,-0.005941,-35.48,0.0227546,0.0228468,0.0226877,0.0226537,0.0221449,0.0167143,0.0167466,0.0167172,0.0167481,0.0167611
3,2,4,16,1024,128,192,0.0257613,0.0228708,ck_ck,-0.002891,-12.64,0.0257756,0.0254848,0.0257613,0.0257197,0.0257698,0.0228516,0.0228815,0.0228708,0.0229021,0.0228231
3,2,4,16,1024,128,256,0.0263969,0.0231923,ck_ck,-0.003205,-13.82,0.0263808,0.0263328,0.0265065,0.0265,0.0263969,0.0231921,0.0232119,0.0231449,0.0231966,0.0231923
3,2,4,16,1024,192,32,0.0227931,0.0153811,ck_ck,-0.007412,-48.19,0.0229387,0.0227931,0.0230708,0.0222591,0.0226942,0.0153736,0.0154461,0.0153811,0.0154481,0.0153752
3,2,4,16,1024,192,48,0.0226514,0.0161848,ck_ck,-0.006467,-39.95,0.0225864,0.0226581,0.0224248,0.0227223,0.0226514,0.0161678,0.016247,0.0161848,0.0162483,0.0161813
3,2,4,16,1024,192,64,0.0235271,0.0168847,ck_ck,-0.006642,-39.34,0.023538,0.0234078,0.0235271,0.0232443,0.0235328,0.0168842,0.0168859,0.0168889,0.0168847,0.0168627
3,2,4,16,1024,192,80,0.0228485,0.0180375,ck_ck,-0.004811,-26.67,0.0228485,0.0229374,0.022762,0.0228782,0.0223322,0.0180816,0.0180036,0.0180375,0.0180154,0.0180595
3,2,4,16,1024,192,96,0.022916,0.0186686,ck_ck,-0.004247,-22.75,0.0227507,0.022916,0.0230067,0.0229937,0.022836,0.0186686,0.0186713,0.0186535,0.0186553,0.0186803
3,2,4,16,1024,192,128,0.0228578,0.0196958,ck_ck,-0.003162,-16.05,0.0228669,0.0228721,0.0227755,0.0225747,0.0228578,0.0196961,0.0196966,0.0196949,0.019651,0.0196958
3,2,4,16,1024,192,192,0.0270406,0.0241805,ck_ck,-0.002860,-11.83,0.0270387,0.0271488,0.0270163,0.0271661,0.0270406,0.0241806,0.0241145,0.0241805,0.024147,0.0241846
3,2,4,16,1024,192,256,0.0272461,0.0242801,ck_ck,-0.002966,-12.22,0.0269925,0.0272641,0.0272461,0.0272405,0.0272632,0.0242723,0.0242797,0.0242919,0.0242926,0.0242801
3,2,4,16,1024,256,32,0.0228253,0.0171825,ck_ck,-0.005643,-32.84,0.0230705,0.022465,0.0228316,0.0228253,0.0228011,0.0170623,0.0172382,0.0171816,0.0172355,0.0171825
3,2,4,16,1024,256,48,0.0244025,0.0182755,ck_ck,-0.006127,-33.53,0.0244124,0.0246015,0.0242047,0.0244025,0.0243473,0.0182755,0.0182466,0.0182777,0.0182486,0.0182787
3,2,4,16,1024,256,64,0.0226314,0.0183036,ck_ck,-0.004328,-23.64,0.022841,0.0226314,0.0224564,0.0225685,0.0228301,0.0183055,0.0183081,0.0183031,0.0183036,0.0183032
3,2,4,16,1024,256,80,0.0271721,0.0194062,ck_ck,-0.007766,-40.02,0.0271331,0.027169,0.0272506,0.0271721,0.027245,0.0194062,0.0194016,0.0194324,0.0194576,0.0193996
3,2,4,16,1024,256,96,0.0232918,0.0207307,ck_ck,-0.002561,-12.35,0.0232909,0.0232906,0.0232918,0.023302,0.0233156,0.020723,0.0207554,0.0207295,0.0207653,0.0207307
3,2,4,16,1024,256,128,0.0237212,0.0208317,ck_ck,-0.002889,-13.87,0.0237212,0.0236846,0.0237274,0.0236868,0.0237356,0.0208651,0.0208317,0.0208645,0.0208296,0.0208111
3,2,4,16,1024,256,192,0.0290118,0.0264256,ck_ck,-0.002586,-9.79,0.0290118,0.0286108,0.0290178,0.0286181,0.0290125,0.0264062,0.026447,0.0263938,0.026441,0.0264256
3,2,4,16,1024,256,256,0.0300185,0.0274717,ck_ck,-0.002547,-9.27,0.0303311,0.0299923,0.0300185,0.0303135,0.0299982,0.027472,0.0274658,0.0274717,0.0274691,0.0274783
3,2,4,16,2048,32,32,0.0234983,0.018839,ck_ck,-0.004659,-24.73,0.0230811,0.0234987,0.0230806,0.0234983,0.0234984,0.0188463,0.0188381,0.0188413,0.0188381,0.018839
3,2,4,16,2048,32,48,0.0278606,0.0217656,ck_ck,-0.006095,-28.00,0.0276995,0.0278606,0.0276415,0.0279252,0.0278648,0.0217686,0.0217086,0.0217742,0.0217114,0.0217656
3,2,4,16,2048,32,64,0.0261981,0.0195571,ck_ck,-0.006641,-33.96,0.0260914,0.0261981,0.026118,0.0261991,0.027472,0.0195611,0.0195078,0.0195589,0.0195066,0.0195571
3,2,4,16,2048,32,80,0.0298005,0.0221473,ck_ck,-0.007653,-34.56,0.0298005,0.029773,0.029803,0.0297695,0.0298933,0.0221413,0.022168,0.0221394,0.0221645,0.0221473
3,2,4,16,2048,32,96,0.026218,0.0237358,ck_ck,-0.002482,-10.46,0.02622,0.0260877,0.026218,0.0260771,0.0262232,0.0237439,0.0237334,0.0237459,0.0237358,0.0237341
3,2,4,16,2048,32,128,0.0263599,0.0237037,ck_ck,-0.002656,-11.21,0.0264826,0.0263523,0.0263599,0.026487,0.0263552,0.023707,0.0236777,0.0237054,0.023683,0.0237037
3,2,4,16,2048,32,192,0.0334392,0.0305697,ck_ck,-0.002870,-9.39,0.0334392,0.0334572,0.0334322,0.0334448,0.0333451,0.0305738,0.0305108,0.0305923,0.0305042,0.0305697
3,2,4,16,2048,32,256,0.0349437,0.0325031,ck_ck,-0.002441,-7.51,0.0349437,0.0350519,0.0349242,0.0350484,0.0349196,0.0325031,0.0325001,0.0325062,0.0325019,0.0325051
3,2,4,16,2048,48,32,0.0225931,0.0198478,ck_ck,-0.002745,-13.83,0.0228498,0.0225931,0.0224162,0.0228065,0.0225224,0.01986,0.0196391,0.0198478,0.0196428,0.0198539
3,2,4,16,2048,48,48,0.0292668,0.0234385,ck_ck,-0.005828,-24.87,0.0292502,0.0296635,0.0292668,0.0294673,0.029241,0.0234405,0.023408,0.0234436,0.0234219,0.0234385
3,2,4,16,2048,48,64,0.0280108,0.0214291,ck_ck,-0.006582,-30.71,0.0278671,0.0280108,0.0278718,0.0280169,0.0280813,0.021436,0.0214356,0.0214291,0.0214194,0.0214261
3,2,4,16,2048,48,80,0.0314607,0.0238483,ck_ck,-0.007612,-31.92,0.0314607,0.0315286,0.0314448,0.0315426,0.0314315,0.0238022,0.0238562,0.0237983,0.0238483,0.0238559
3,2,4,16,2048,48,96,0.0274335,0.0248862,ck_ck,-0.002547,-10.24,0.0274787,0.0273643,0.0275193,0.0273434,0.0274335,0.0248862,0.0248352,0.0248969,0.024929,0.0248831
3,2,4,16,2048,48,128,0.0285133,0.0256283,ck_ck,-0.002885,-11.26,0.028379,0.0285475,0.0283794,0.0285515,0.0285133,0.025629,0.0256283,0.0256317,0.0256005,0.0256276
3,2,4,16,2048,48,192,0.0391587,0.0362004,ck_ck,-0.002958,-8.17,0.0391695,0.0391556,0.0391587,0.0391657,0.0391532,0.0361981,0.0362066,0.0361971,0.0362004,0.0362054
3,2,4,16,2048,48,256,0.0397385,0.0370644,ck_ck,-0.002674,-7.21,0.0396763,0.0397385,0.0397437,0.0397741,0.039677,0.0370644,0.0370694,0.037067,0.0370371,0.0370603
3,2,4,16,2048,64,32,0.0227067,0.0195466,ck_ck,-0.003160,-16.17,0.0222512,0.0226453,0.0227067,0.0228247,0.0228273,0.0195513,0.0193882,0.0195466,0.0193929,0.0195489
3,2,4,16,2048,64,48,0.0240763,0.0215957,ck_ck,-0.002481,-11.49,0.0241514,0.0240618,0.0240763,0.0240707,0.0241614,0.0215957,0.0216241,0.0215922,0.0216239,0.0215927
3,2,4,16,2048,64,64,0.0246552,0.0219849,ck_ck,-0.002670,-12.15,0.0246568,0.0242706,0.024662,0.0242261,0.0246552,0.0219849,0.0220218,0.0219834,0.0220265,0.0219643
3,2,4,16,2048,64,80,0.0325803,0.0249699,ck_ck,-0.007610,-30.48,0.0325895,0.032645,0.0325803,0.032532,0.0325776,0.0249699,0.0249635,0.0249459,0.0249731,0.0249716
3,2,4,16,2048,64,96,0.027664,0.0250043,ck_ck,-0.002660,-10.64,0.0276576,0.0277464,0.027664,0.0277602,0.0276532,0.025016,0.0250043,0.0249478,0.0250075,0.0249638
3,2,4,16,2048,64,128,0.0286013,0.0259916,ck_ck,-0.002610,-10.04,0.028604,0.0283611,0.0286035,0.028436,0.0286013,0.0259906,0.0259911,0.0259916,0.0259962,0.0260289
3,2,4,16,2048,64,192,0.0382722,0.0356113,ck_ck,-0.002661,-7.47,0.0382722,0.0379223,0.0382753,0.0381026,0.0382726,0.0356018,0.0357191,0.0356113,0.0357171,0.0356085
3,2,4,16,2048,64,256,0.0391351,0.036308,ck_ck,-0.002827,-7.79,0.0391256,0.0391567,0.0391351,0.0391356,0.0391253,0.036308,0.0363329,0.0363072,0.0363338,0.0362961
3,2,4,16,2048,80,32,0.0237517,0.0215506,ck_ck,-0.002201,-10.21,0.0239315,0.0236895,0.0237504,0.0239319,0.0237517,0.021553,0.0213915,0.0215538,0.0214267,0.0215506
3,2,4,16,2048,80,48,0.031138,0.0247372,ck_ck,-0.006401,-25.88,0.0311294,0.031138,0.0312825,0.0311107,0.0311506,0.0248136,0.0247372,0.0247331,0.0248005,0.0246884
3,2,4,16,2048,80,64,0.0267166,0.0239197,ck_ck,-0.002797,-11.69,0.0267278,0.0264702,0.0267199,0.0266455,0.0267166,0.0239058,0.0239552,0.0239197,0.0239561,0.0239191
3,2,4,16,2048,80,80,0.0341963,0.0264413,ck_ck,-0.007755,-29.33,0.0341963,0.0342011,0.0341936,0.0342405,0.0341884,0.0264413,0.0265077,0.0264407,0.0265154,0.0264347
3,2,4,16,2048,80,96,0.0299586,0.0274071,ck_ck,-0.002551,-9.31,0.0299289,0.0299611,0.0300313,0.0297883,0.0299586,0.0274117,0.0273789,0.0274071,0.027371,0.0274602
3,2,4,16,2048,80,128,0.0309622,0.0283053,ck_ck,-0.002657,-9.39,0.0309627,0.0310187,0.0309553,0.0308363,0.0309622,0.0283053,0.0283096,0.028301,0.0283086,0.0282966
3,2,4,16,2048,80,192,0.0387716,0.0361965,ck_ck,-0.002575,-7.11,0.0387847,0.0385005,0.0387716,0.0385024,0.0387856,0.0361908,0.0362024,0.0361707,0.0362032,0.0361965
3,2,4,16,2048,80,256,0.040454,0.0381282,ck_ck,-0.002326,-6.10,0.040454,0.0404895,0.040433,0.0404357,0.0404547,0.0381282,0.0381443,0.0381221,0.0381447,0.0381065
3,2,4,16,2048,96,32,0.0249865,0.0207154,ck_ck,-0.004271,-20.62,0.0251116,0.0249865,0.0251099,0.024962,0.0249102,0.0207194,0.0206234,0.0207154,0.0206594,0.0207182
3,2,4,16,2048,96,48,0.0250776,0.0226332,ck_ck,-0.002444,-10.80,0.0251926,0.0250461,0.0250776,0.0250551,0.0251927,0.0226332,0.0225742,0.0227177,0.022621,0.0226385
3,2,4,16,2048,96,64,0.0301576,0.0235246,ck_ck,-0.006633,-28.20,0.0300825,0.0301699,0.0300526,0.0301645,0.0301576,0.0235207,0.0235246,0.0235274,0.0235267,0.0235152
3,2,4,16,2048,96,80,0.0345784,0.0268471,ck_ck,-0.007731,-28.80,0.034574,0.0346532,0.0345784,0.0346517,0.034575,0.0268471,0.0268122,0.0268525,0.0268145,0.0268581
3,2,4,16,2048,96,96,0.0291446,0.0266962,ck_ck,-0.002448,-9.17,0.0291531,0.0290221,0.0291493,0.0290192,0.0291446,0.0266962,0.0266919,0.0267349,0.0267073,0.0266958
3,2,4,16,2048,96,128,0.0302386,0.0274505,ck_ck,-0.002788,-10.16,0.0302334,0.0302426,0.0302266,0.0302386,0.0302967,0.0274505,0.0274736,0.0274446,0.027472,0.0274451
3,2,4,16,2048,96,192,0.0359348,0.0334035,ck_ck,-0.002531,-7.58,0.0359334,0.0359348,0.0357839,0.0359381,0.0359458,0.0334081,0.0334035,0.0334085,0.0333988,0.0334002
3,2,4,16,2048,96,256,0.0403188,0.0378048,ck_ck,-0.002514,-6.65,0.040311,0.0403228,0.0403249,0.0402875,0.0403188,0.0377961,0.0378216,0.0378013,0.0378192,0.0378048
3,2,4,16,2048,128,32,0.024952,0.0223695,ck_ck,-0.002582,-11.54,0.024952,0.0248217,0.0249555,0.0248141,0.0249601,0.0223663,0.022534,0.0223645,0.0225293,0.0223695
3,2,4,16,2048,128,48,0.0293303,0.0236974,ck_ck,-0.005633,-23.77,0.0293653,0.0292389,0.0293303,0.0292993,0.029389,0.023597,0.0236974,0.0239002,0.0237181,0.023583
3,2,4,16,2048,128,64,0.0257444,0.0231402,ck_ck,-0.002604,-11.25,0.0257885,0.025629,0.0257476,0.0253967,0.0257444,0.0231342,0.0231436,0.0231402,0.0231406,0.0231366
3,2,4,16,2048,128,80,0.0277934,0.0253457,ck_ck,-0.002448,-9.66,0.0277809,0.0277934,0.0279942,0.0277914,0.02799,0.0253486,0.0253393,0.0253457,0.0253394,0.0253474
3,2,4,16,2048,128,96,0.0294274,0.0269142,ck_ck,-0.002513,-9.34,0.0294106,0.0295104,0.0294194,0.0295103,0.0294274,0.0269005,0.026941,0.0269161,0.0268856,0.0269142
3,2,4,16,2048,128,128,0.0302748,0.0275671,ck_ck,-0.002708,-9.82,0.0302748,0.0302051,0.0302849,0.0301022,0.0302843,0.0275521,0.0275714,0.0275904,0.0275671,0.0275652
3,2,4,16,2048,128,192,0.0415364,0.0389089,ck_ck,-0.002627,-6.75,0.0415341,0.0415432,0.0415181,0.0415614,0.0415364,0.0389089,0.0389893,0.0389004,0.0389799,0.0388822
3,2,4,16,2048,128,256,0.041996,0.0432541,ck_mlir,0.001258,2.91,0.0420104,0.0418127,0.0420389,0.0419684,0.041996,0.0432617,0.043254,0.0432541,0.04326,0.0431875
3,2,4,16,2048,192,32,0.0277181,0.0272765,ck_ck,-0.000442,-1.62,0.0277248,0.0276032,0.0277181,0.0276004,0.0277227,0.0272765,0.0274122,0.0271822,0.0274114,0.0271926
3,2,4,16,2048,192,48,0.0295357,0.0286497,ck_ck,-0.000886,-3.09,0.0295357,0.0296088,0.0295305,0.0294736,0.0295967,0.0285787,0.0286612,0.0286257,0.028663,0.0286497
3,2,4,16,2048,192,64,0.0343693,0.0276992,ck_ck,-0.006670,-24.08,0.0343824,0.0343642,0.0343693,0.0341217,0.0343764,0.0277048,0.0276992,0.0276804,0.0277015,0.027689
3,2,4,16,2048,192,80,0.0336967,0.0311554,ck_ck,-0.002541,-8.16,0.0336958,0.0338369,0.0336967,0.0338336,0.0336904,0.0311554,0.0311225,0.0311557,0.0311285,0.0311632
3,2,4,16,2048,192,96,0.0350221,0.0326865,ck_ck,-0.002336,-7.15,0.0350136,0.0351917,0.0350093,0.0351119,0.0350221,0.0326865,0.0326228,0.0326971,0.0326178,0.0327051
3,2,4,16,2048,192,128,0.0361723,0.0334948,ck_ck,-0.002677,-7.99,0.0361803,0.0358438,0.0361739,0.0358382,0.0361723,0.0335079,0.0334948,0.0334716,0.0334958,0.0334717
3,2,4,16,2048,192,192,0.044538,0.0419476,ck_ck,-0.002590,-6.18,0.044538,0.0444755,0.0445522,0.0444826,0.0445472,0.0419217,0.0419889,0.0419476,0.041925,0.0419795
3,2,4,16,2048,192,256,0.0447545,0.0421486,ck_ck,-0.002606,-6.18,0.0447545,0.0447592,0.044754,0.0447561,0.0443482,0.0421486,0.0421306,0.0421613,0.0421439,0.0421507
3,2,4,16,2048,256,32,0.0314844,0.0291695,ck_ck,-0.002315,-7.94,0.0314904,0.0314844,0.0314821,0.0314948,0.031337,0.0291688,0.0291737,0.0291695,0.0291736,0.0291642
3,2,4,16,2048,256,48,0.0355402,0.0297268,ck_ck,-0.005813,-19.56,0.0355203,0.0355612,0.0355402,0.0355513,0.0354929,0.0297405,0.0296645,0.0297346,0.0296825,0.0297268
3,2,4,16,2048,256,64,0.0337117,0.0312596,ck_ck,-0.002452,-7.84,0.0336524,0.0337891,0.0336552,0.0337909,0.0337117,0.0312655,0.0312505,0.0312678,0.0312486,0.0312596
3,2,4,16,2048,256,80,0.0360193,0.0335001,ck_ck,-0.002519,-7.52,0.0360193,0.0359518,0.036273,0.035968,0.0362682,0.0335001,0.033496,0.0335053,0.0334912,0.0335002
3,2,4,16,2048,256,96,0.0374315,0.0349521,ck_ck,-0.002479,-7.09,0.0374203,0.0374616,0.0374315,0.0375232,0.0374177,0.0349914,0.0349398,0.0349922,0.0349379,0.0349521
3,2,4,16,2048,256,128,0.0380464,0.0352249,ck_ck,-0.002821,-8.01,0.0380464,0.0378771,0.0380471,0.0377262,0.0380741,0.0352226,0.0352371,0.035211,0.035249,0.0352249
3,2,4,16,2048,256,192,0.0486475,0.0458082,ck_ck,-0.002839,-6.20,0.048622,0.0489169,0.0486397,0.0489134,0.0486475,0.045809,0.0457788,0.0458082,0.0457603,0.0458249
3,2,4,16,2048,256,256,0.0500418,0.0471723,ck_ck,-0.002869,-6.08,0.0500185,0.0500752,0.0500157,0.0500737,0.0500418,0.0471868,0.0471241,0.0471723,0.0471491,0.0471774
3,2,4,16,4096,32,32,0.0325022,0.0298875,ck_ck,-0.002615,-8.75,0.0325012,0.0325068,0.0324996,0.0325256,0.0325022,0.0298875,0.0299142,0.0297922,0.0299311,0.0297995
3,2,4,16,4096,32,48,0.0419796,0.0359409,ck_ck,-0.006039,-16.80,0.0421336,0.0419796,0.0417751,0.0421153,0.0417235,0.0359745,0.0358562,0.0359409,0.0359193,0.0359643
3,2,4,16,4096,32,64,0.0381666,0.031457,ck_ck,-0.006710,-21.33,0.0381545,0.0382249,0.0381666,0.0382418,0.0380113,0.0314593,0.0314827,0.031457,0.0313946,0.0314498
3,2,4,16,4096,32,80,0.0409339,0.0382995,ck_ck,-0.002634,-6.88,0.0410894,0.0408379,0.041097,0.0408426,0.0409339,0.0383028,0.0382847,0.038294,0.0383284,0.0382995
3,2,4,16,4096,32,96,0.0433787,0.0408093,ck_ck,-0.002569,-6.30,0.0434113,0.0433896,0.0433175,0.0433787,0.0432861,0.0408093,0.0408422,0.0408032,0.0408798,0.040793
3,2,4,16,4096,32,128,0.0425139,0.0399023,ck_ck,-0.002612,-6.54,0.0424809,0.0426764,0.0425049,0.0426775,0.0425139,0.0399141,0.0398975,0.0399023,0.0398902,0.0399116
3,2,4,16,4096,32,192,0.0581373,0.0556594,ck_ck,-0.002478,-4.45,0.0580167,0.0581665,0.0581114,0.0581611,0.0581373,0.0557006,0.0556319,0.0556778,0.0556594,0.0556507
3,2,4,16,4096,32,256,0.0574946,0.055212,ck_ck,-0.002283,-4.13,0.0576127,0.0574524,0.0574946,0.0574786,0.0576365,0.05523,0.0551724,0.055212,0.0552032,0.0552167
3,2,4,16,4096,48,32,0.035131,0.0325918,ck_ck,-0.002539,-7.79,0.0351318,0.0348476,0.035131,0.0348507,0.0351371,0.0324162,0.0325969,0.0324085,0.0325977,0.0325918
3,2,4,16,4096,48,48,0.0454741,0.0389965,ck_ck,-0.006478,-16.61,0.0454741,0.0456025,0.0454901,0.0454174,0.0453234,0.0391119,0.0389831,0.0390422,0.0389427,0.0389965
3,2,4,16,4096,48,64,0.0410785,0.0345266,ck_ck,-0.006552,-18.98,0.0410734,0.041075,0.0410785,0.0412622,0.0413102,0.0344897,0.0345433,0.0345347,0.0345266,0.0344483
3,2,4,16,4096,48,80,0.049447,0.0417472,ck_ck,-0.007700,-18.44,0.0494522,0.049447,0.0494336,0.0494773,0.0494371,0.0417299,0.0417573,0.0417218,0.0417484,0.0417472
3,2,4,16,4096,48,96,0.0450745,0.0425944,ck_ck,-0.002480,-5.82,0.0450806,0.0450684,0.0450523,0.0451334,0.0450745,0.0425707,0.0425944,0.0426699,0.0425935,0.0426785
3,2,4,16,4096,48,128,0.0470336,0.0445434,ck_ck,-0.002490,-5.59,0.0470371,0.046944,0.0470336,0.0469303,0.0470517,0.0445681,0.0445454,0.0445339,0.0445434,0.0445392
3,2,4,16,4096,48,192,0.0660861,0.0633459,ck_ck,-0.002740,-4.33,0.0660861,0.0660968,0.0658322,0.0661072,0.0658316,0.0633459,0.0632622,0.0633641,0.0633405,0.0633565
3,2,4,16,4096,48,256,0.0637897,0.0613688,ck_ck,-0.002421,-3.94,0.0635783,0.0638047,0.0636047,0.0637897,0.0637905,0.0613657,0.0613884,0.061394,0.0613466,0.0613688
3,2,4,16,4096,64,32,0.0331934,0.0309786,ck_ck,-0.002215,-7.15,0.0331629,0.0332943,0.0331561,0.0332872,0.0331934,0.0309893,0.0307724,0.030982,0.0307848,0.0309786
3,2,4,16,4096,64,48,0.0373991,0.0350153,ck_ck,-0.002384,-6.81,0.0374208,0.0373622,0.0374067,0.0373622,0.0373991,0.0350186,0.0349105,0.0350175,0.0349172,0.0350153
3,2,4,16,4096,64,64,0.0386468,0.0363782,ck_ck,-0.002269,-6.24,0.0386461,0.0390085,0.0386453,0.0390028,0.0386468,0.0363881,0.0363782,0.0363861,0.0363761,0.0363357
3,2,4,16,4096,64,80,0.0438841,0.0412835,ck_ck,-0.002601,-6.30,0.0438692,0.0439436,0.0438624,0.0439529,0.0438841,0.041285,0.0412835,0.0413277,0.0412715,0.0412581
3,2,4,16,4096,64,96,0.0474492,0.0447641,ck_ck,-0.002685,-6.00,0.0473954,0.0474492,0.0474785,0.0473825,0.047463,0.0447641,0.0447456,0.0447646,0.0447586,0.0447838
3,2,4,16,4096,64,128,0.0489618,0.046263,ck_ck,-0.002699,-5.83,0.0489618,0.0490748,0.0489092,0.049021,0.0489599,0.0462692,0.046263,0.0462537,0.0462616,0.0462727
3,2,4,16,4096,64,192,0.0634845,0.060949,ck_ck,-0.002535,-4.16,0.0634845,0.0634894,0.0634817,0.0634838,0.0634863,0.0609521,0.0609432,0.0609331,0.060949,0.0609497
3,2,4,16,4096,64,256,0.0681928,0.0658019,ck_ck,-0.002391,-3.63,0.0681775,0.0684003,0.0681311,0.0684345,0.0681928,0.0658086,0.0657394,0.0658099,0.0657328,0.0658019
3,2,4,16,4096,80,32,0.038974,0.0344203,ck_ck,-0.004554,-13.23,0.0388764,0.0390182,0.038974,0.0389039,0.0390468,0.0344045,0.0344772,0.0344203,0.0344722,0.0343745
3,2,4,16,4096,80,48,0.0509455,0.0452577,ck_ck,-0.005688,-12.57,0.0509251,0.0509455,0.0510094,0.0508609,0.0510228,0.0452463,0.0453248,0.0452293,0.0453115,0.0452577
3,2,4,16,4096,80,64,0.0425618,0.0400595,ck_ck,-0.002502,-6.25,0.0425766,0.0425835,0.0424518,0.0425618,0.0424612,0.0400657,0.0400475,0.0400595,0.0400435,0.0400682
3,2,4,16,4096,80,80,0.0502763,0.0477722,ck_ck,-0.002504,-5.24,0.0502763,0.0502106,0.0502834,0.0502208,0.0502846,0.0477722,0.0478176,0.0477627,0.0478108,0.0477611
3,2,4,16,4096,80,96,0.0476162,0.0451362,ck_ck,-0.002480,-5.49,0.0476235,0.0475392,0.0476162,0.0475432,0.0476279,0.0451362,0.0451076,0.0451335,0.0451871,0.045137
3,2,4,16,4096,80,128,0.0537137,0.0507945,ck_ck,-0.002919,-5.75,0.0537137,0.0537081,0.053736,0.0537028,0.0537242,0.0508006,0.0507721,0.0508112,0.0507742,0.0507945
3,2,4,16,4096,80,192,0.0668397,0.0642502,ck_ck,-0.002590,-4.03,0.0670186,0.066785,0.0668397,0.0665414,0.066984,0.0642813,0.0641402,0.0642502,0.0640332,0.0642585
3,2,4,16,4096,80,256,0.0718715,0.0691307,ck_ck,-0.002741,-3.96,0.0718715,0.0716789,0.0720102,0.0716584,0.0720695,0.0691856,0.0691408,0.0690696,0.0691307,0.0690983
3,2,4,16,4096,96,32,0.0380949,0.033547,ck_ck,-0.004548,-13.56,0.0381171,0.0379129,0.0380949,0.037918,0.0380978,0.033547,0.033635,0.0335439,0.0335399,0.0336435
3,2,4,16,4096,96,48,0.0398215,0.0373499,ck_ck,-0.002472,-6.62,0.0399384,0.0398338,0.0397884,0.0398215,0.0397899,0.0373664,0.0372627,0.0373499,0.03717,0.037367
3,2,4,16,4096,96,64,0.0410174,0.0384935,ck_ck,-0.002524,-6.56,0.0409611,0.0411031,0.0410174,0.0411078,0.0409073,0.0384806,0.0385181,0.038493,0.0385041,0.0384935
3,2,4,16,4096,96,80,0.0476175,0.0452558,ck_ck,-0.002362,-5.22,0.0476175,0.0476987,0.0475933,0.0476855,0.0476149,0.0452558,0.0452617,0.0452471,0.0452955,0.0452422
3,2,4,16,4096,96,96,0.0530453,0.0442377,ck_ck,-0.008808,-19.91,0.0529458,0.0530693,0.0529624,0.0530453,0.0530889,0.0442325,0.0442377,0.0442426,0.044229,0.0442398
3,2,4,16,4096,96,128,0.0498992,0.0473503,ck_ck,-0.002549,-5.38,0.0498897,0.0499672,0.0498992,0.0499663,0.0498918,0.0473503,0.0473396,0.0473643,0.0473238,0.047361
3,2,4,16,4096,96,192,0.0635991,0.06107,ck_ck,-0.002529,-4.14,0.0636218,0.0634171,0.0636129,0.0633758,0.0635991,0.0610096,0.0610742,0.0610019,0.0611064,0.06107
3,2,4,16,4096,96,256,0.0655048,0.062768,ck_ck,-0.002737,-4.36,0.0655129,0.0653649,0.0655048,0.0654002,0.0655136,0.062768,0.0627734,0.0627759,0.0625801,0.0627244
3,2,4,16,4096,128,32,0.0411254,0.0367591,ck_ck,-0.004366,-11.88,0.0411254,0.0412641,0.0411182,0.0412459,0.0411047,0.0367769,0.0366449,0.036761,0.0367114,0.0367591
3,2,4,16,4096,128,48,0.0414044,0.0389921,ck_ck,-0.002412,-6.19,0.0413264,0.0414398,0.0414044,0.0414567,0.0414024,0.0389959,0.0389001,0.0389921,0.0388752,0.0389942
3,2,4,16,4096,128,64,0.0454705,0.0388573,ck_ck,-0.006613,-17.02,0.0451736,0.0454803,0.0451613,0.0454889,0.0454705,0.0388573,0.0388427,0.0388574,0.03885,0.0388732
3,2,4,16,4096,128,80,0.0493625,0.0417785,ck_ck,-0.007584,-18.15,0.0493536,0.0493625,0.0493497,0.0493861,0.0494682,0.041785,0.0417431,0.0417824,0.0417534,0.0417785
3,2,4,16,4096,128,96,0.0471489,0.0443075,ck_ck,-0.002841,-6.41,0.0471685,0.0469856,0.0471489,0.0469915,0.0471666,0.0443075,0.0444316,0.0442967,0.0443296,0.0442902
3,2,4,16,4096,128,128,0.0484063,0.0455773,ck_ck,-0.002829,-6.21,0.0484063,0.0484112,0.0483995,0.0484187,0.0482885,0.0455677,0.0456394,0.0455768,0.045633,0.0455773
3,2,4,16,4096,128,192,0.0688986,0.066176,ck_ck,-0.002723,-4.11,0.0688792,0.0689298,0.0688986,0.068952,0.0687721,0.0662155,0.0661771,0.0661724,0.066143,0.066176
3,2,4,16,4096,128,256,0.0673634,0.0647844,ck_ck,-0.002579,-3.98,0.0672355,0.067685,0.0673634,0.0673459,0.067381,0.0648997,0.0646209,0.0647844,0.0646709,0.0648898
3,2,4,16,4096,192,32,0.0442963,0.0420778,ck_ck,-0.002218,-5.27,0.044107,0.0443082,0.0442963,0.0443163,0.0441951,0.0420778,0.0420029,0.0420786,0.0420132,0.0420872
3,2,4,16,4096,192,48,0.0471181,0.0447676,ck_ck,-0.002351,-5.25,0.0470749,0.0471181,0.0470728,0.0471243,0.0472276,0.0447676,0.0447049,0.0447729,0.0447363,0.044784
3,2,4,16,4096,192,64,0.0493948,0.0466715,ck_ck,-0.002723,-5.84,0.0493948,0.0494882,0.0493529,0.0495043,0.0493603,0.0466757,0.0466951,0.0466679,0.0466715,0.0466679
3,2,4,16,4096,192,80,0.0534563,0.0510057,ck_ck,-0.002451,-4.80,0.0536749,0.0532975,0.0536863,0.053326,0.0534563,0.0510197,0.0509765,0.051014,0.0509632,0.0510057
3,2,4,16,4096,192,96,0.0560746,0.0532672,ck_ck,-0.002807,-5.27,0.0560746,0.0559943,0.0560994,0.0559626,0.0560819,0.0532405,0.0532847,0.0532672,0.0532616,0.0532741
3,2,4,16,4096,192,128,0.0587325,0.0564206,ck_ck,-0.002312,-4.10,0.0587325,0.0589488,0.058723,0.0589149,0.0587297,0.0564485,0.0564029,0.0564027,0.0564206,0.0564375
3,2,4,16,4096,192,192,0.0739458,0.0712421,ck_ck,-0.002704,-3.80,0.0738284,0.0740632,0.073849,0.0740387,0.0739458,0.0713538,0.0712062,0.0712802,0.0712313,0.0712421
3,2,4,16,4096,192,256,0.0758367,0.0722084,ck_ck,-0.003628,-5.02,0.076008,0.075527,0.0758367,0.0755865,0.0764377,0.0723765,0.0721611,0.0722084,0.0716183,0.0729044
3,2,4,16,4096,256,32,0.0508063,0.0480059,ck_ck,-0.002800,-5.83,0.050812,0.0505304,0.0508087,0.0505946,0.0508063,0.0479928,0.0482142,0.047991,0.0482198,0.0480059
3,2,4,16,4096,256,48,0.0544135,0.0519279,ck_ck,-0.002486,-4.79,0.0544213,0.0544259,0.0543852,0.0543732,0.0544135,0.0519141,0.0519556,0.0519279,0.0519757,0.0518602
3,2,4,16,4096,256,64,0.0552509,0.0525866,ck_ck,-0.002664,-5.07,0.0552607,0.0550395,0.0552239,0.0552795,0.0552509,0.0525866,0.0525608,0.0525674,0.0526176,0.0526187
3,2,4,16,4096,256,80,0.0586508,0.0562236,ck_ck,-0.002427,-4.32,0.0587242,0.058621,0.0586508,0.0587714,0.0586264,0.0562572,0.0561978,0.0562236,0.0561981,0.0562276
3,2,4,16,4096,256,96,0.0627759,0.060294,ck_ck,-0.002482,-4.12,0.0627759,0.062848,0.0627687,0.0628511,0.0627751,0.0602943,0.0603035,0.060294,0.0602858,0.0602921
3,2,4,16,4096,256,128,0.064223,0.0612485,ck_ck,-0.002975,-4.86,0.0642172,0.0642535,0.0642121,0.0642527,0.064223,0.061238,0.0612918,0.0612485,0.0612469,0.0612799
3,2,4,16,4096,256,192,0.083181,0.0802193,ck_ck,-0.002962,-3.69,0.0828508,0.0832655,0.0833726,0.083181,0.0828707,0.0800737,0.0801192,0.0803799,0.0802193,0.0805716
3,2,4,16,4096,256,256,0.0971449,0.0936182,ck_ck,-0.003527,-3.77,0.0972148,0.0967627,0.0972218,0.0968409,0.0971449,0.0934771,0.0932653,0.0936248,0.0936182,0.093707
3,2,4,32,1024,32,32,0.0227144,0.0133631,ck_ck,-0.009351,-69.98,0.0226121,0.0226364,0.0229624,0.0227144,0.024115,0.0133631,0.0133277,0.0133938,0.0132388,0.0134671
3,2,4,32,1024,32,48,0.0228201,0.0145401,ck_ck,-0.008280,-56.95,0.0228715,0.0229292,0.0225534,0.0228201,0.0226469,0.0145329,0.0145613,0.0145401,0.014515,0.0145533
3,2,4,32,1024,32,64,0.0275473,0.0137338,ck_ck,-0.013814,-100.58,0.0275473,0.0275959,0.0275193,0.0275895,0.0275215,0.0137347,0.013731,0.0137289,0.0137351,0.0137338
3,2,4,32,1024,32,80,0.022725,0.0149001,ck_ck,-0.007825,-52.52,0.0224138,0.022725,0.0229401,0.0222255,0.0228292,0.0148775,0.0149173,0.0148817,0.0149178,0.0149001
3,2,4,32,1024,32,96,0.0226451,0.015434,ck_ck,-0.007211,-46.72,0.0226084,0.022846,0.0229501,0.0226451,0.0226312,0.015434,0.0155321,0.0154211,0.0155369,0.0154274
3,2,4,32,1024,32,128,0.0228175,0.0161662,ck_ck,-0.006651,-41.14,0.0228965,0.0228175,0.0223884,0.0228506,0.0227033,0.0161735,0.0161523,0.0161662,0.0161507,0.0161774
3,2,4,32,1024,32,192,0.0227542,0.0196271,ck_ck,-0.003127,-15.93,0.022765,0.0226385,0.0227166,0.0227542,0.0228617,0.0196271,0.019625,0.0196526,0.0196274,0.0196001
3,2,4,32,1024,32,256,0.0235972,0.0208608,ck_ck,-0.002736,-13.12,0.0235582,0.0236196,0.0236631,0.0235604,0.0235972,0.0208826,0.0208662,0.0208403,0.0208608,0.0208446
3,2,4,32,1024,48,32,0.0236984,0.0134537,ck_ck,-0.010245,-76.15,0.023696,0.0236375,0.0236984,0.0238158,0.0237031,0.0134484,0.0134827,0.0134537,0.0134843,0.0134516
3,2,4,32,1024,48,48,0.0226667,0.0150209,ck_ck,-0.007646,-50.90,0.0229772,0.0226103,0.0226667,0.0228148,0.0226553,0.0150209,0.0150347,0.0150203,0.0150314,0.0150109
3,2,4,32,1024,48,64,0.0224408,0.013496,ck_ck,-0.008945,-66.28,0.0224408,0.022422,0.0222236,0.0225321,0.0224539,0.0134185,0.013496,0.0134533,0.0139021,0.0136289
3,2,4,32,1024,48,80,0.0227053,0.0159774,ck_ck,-0.006728,-42.11,0.0227053,0.0226132,0.0221644,0.0227675,0.0228595,0.0159937,0.0159739,0.0159774,0.0159758,0.0159938
3,2,4,32,1024,48,96,0.0226786,0.0159292,ck_ck,-0.006749,-42.37,0.0226786,0.0227637,0.0227319,0.0221309,0.0225143,0.0159096,0.0159311,0.0159292,0.0159521,0.0159028
3,2,4,32,1024,48,128,0.0228622,0.0174054,ck_ck,-0.005457,-31.35,0.0226464,0.0228622,0.022865,0.0230152,0.0225177,0.0173981,0.0174288,0.0174054,0.0174357,0.0173996
3,2,4,32,1024,48,192,0.0254651,0.023115,ck_ck,-0.002350,-10.17,0.0254651,0.0255564,0.0254264,0.0255213,0.0254199,0.0231249,0.023115,0.023086,0.0231255,0.023114
3,2,4,32,1024,48,256,0.0247996,0.0225239,ck_ck,-0.002276,-10.10,0.0249874,0.0247963,0.0247484,0.0247996,0.0249773,0.0225301,0.0225033,0.0225262,0.0225201,0.0225239
3,2,4,32,1024,64,32,0.0225986,0.0141173,ck_ck,-0.008481,-60.08,0.0227266,0.0225565,0.0228675,0.0225986,0.0225868,0.0141173,0.014081,0.0141202,0.0140814,0.0141229
3,2,4,32,1024,64,48,0.0254249,0.0136963,ck_ck,-0.011729,-85.63,0.0254306,0.0254097,0.0254249,0.0254046,0.0254351,0.0135992,0.013652,0.0136963,0.0138082,0.0137207
3,2,4,32,1024,64,64,0.0266861,0.0144668,ck_ck,-0.012219,-84.46,0.0267325,0.0266861,0.0266312,0.0266811,0.0267018,0.0144665,0.0145083,0.0144651,0.0145073,0.0144668
3,2,4,32,1024,64,80,0.0225773,0.0154722,ck_ck,-0.007105,-45.92,0.0226994,0.0223439,0.0222201,0.0226011,0.0225773,0.0154747,0.0154289,0.0154722,0.0154236,0.0154755
3,2,4,32,1024,64,96,0.022779,0.0160334,ck_ck,-0.006746,-42.07,0.0229032,0.022779,0.0226061,0.022767,0.0229457,0.0161094,0.0160135,0.016108,0.0160334,0.01603
3,2,4,32,1024,64,128,0.0227489,0.017246,ck_ck,-0.005503,-31.91,0.0227489,0.0226187,0.0227979,0.0227961,0.0226445,0.0172451,0.0172692,0.017246,0.0172728,0.0172449
3,2,4,32,1024,64,192,0.023621,0.0225749,ck_ck,-0.001046,-4.63,0.0236373,0.0235973,0.0236192,0.0236588,0.023621,0.0225787,0.0225493,0.0225784,0.0225455,0.0225749
3,2,4,32,1024,64,256,0.0259286,0.0236811,ck_ck,-0.002247,-9.49,0.0259325,0.0259844,0.0258049,0.0258792,0.0259286,0.0236811,0.0236707,0.0236738,0.0236958,0.0236817
3,2,4,32,1024,80,32,0.0225734,0.0135913,ck_ck,-0.008982,-66.09,0.0226782,0.0227092,0.0224479,0.0225552,0.0225734,0.0135147,0.013677,0.0136258,0.0135913,0.0135132
3,2,4,32,1024,80,48,0.0227454,0.0154691,ck_ck,-0.007276,-47.04,0.0228404,0.0225645,0.0227753,0.0224449,0.0227454,0.0155106,0.0154767,0.0154541,0.0154691,0.0154624
3,2,4,32,1024,80,64,0.0226687,0.0146891,ck_ck,-0.007980,-54.32,0.0227979,0.0228114,0.0226687,0.022219,0.0226055,0.014693,0.0146891,0.0146369,0.0146991,0.0146222
3,2,4,32,1024,80,80,0.0225065,0.0171704,ck_ck,-0.005336,-31.08,0.0225065,0.0224105,0.0225744,0.0222046,0.0226232,0.0171611,0.0171986,0.0171704,0.0171489,0.0172005
3,2,4,32,1024,80,96,0.0228168,0.018002,ck_ck,-0.004815,-26.75,0.0228168,0.0228418,0.022734,0.0228203,0.0228024,0.018002,0.0179963,0.0180115,0.0179957,0.0180039
3,2,4,32,1024,80,128,0.0228101,0.0182493,ck_ck,-0.004561,-24.99,0.0228101,0.0228668,0.0224965,0.0229918,0.0226161,0.018232,0.0182732,0.0182493,0.0182342,0.0182504
3,2,4,32,1024,80,192,0.0255111,0.024415,ck_ck,-0.001096,-4.49,0.0255111,0.0253945,0.025513,0.0256413,0.0255083,0.0243565,0.024415,0.024529,0.0243829,0.0244382
3,2,4,32,1024,80,256,0.0266732,0.026563,ck_ck,-0.000110,-0.41,0.026679,0.0266732,0.0265502,0.0266007,0.0267023,0.0265343,0.0266467,0.026563,0.0266587,0.0265605
3,2,4,32,1024,96,32,0.0226819,0.013389,ck_ck,-0.009293,-69.41,0.0229106,0.022727,0.0225934,0.0224298,0.0226819,0.013389,0.0134348,0.013364,0.0133514,0.0134231
3,2,4,32,1024,96,48,0.0250328,0.0141893,ck_ck,-0.010844,-76.42,0.0250328,0.0250321,0.0250245,0.0250692,0.0251561,0.0144479,0.0141865,0.0141893,0.014185,0.0141973
3,2,4,32,1024,96,64,0.0225528,0.0145924,ck_ck,-0.007960,-54.55,0.0224295,0.0227102,0.0226433,0.0221098,0.0225528,0.0145949,0.014532,0.0145953,0.0145314,0.0145924
3,2,4,32,1024,96,80,0.0227014,0.0165141,ck_ck,-0.006187,-37.47,0.0226957,0.022889,0.0225784,0.0231267,0.0227014,0.0165164,0.0164617,0.0165171,0.0164654,0.0165141
3,2,4,32,1024,96,96,0.0228797,0.0166501,ck_ck,-0.006230,-37.41,0.0226772,0.0228956,0.0228895,0.0225927,0.0228797,0.0166499,0.0166363,0.0166501,0.0168468,0.0166505
3,2,4,32,1024,96,128,0.0226749,0.0180404,ck_ck,-0.004634,-25.69,0.0226749,0.0225599,0.0227783,0.022503,0.0226867,0.0180436,0.0180564,0.0180082,0.0180404,0.0180182
3,2,4,32,1024,96,192,0.0242858,0.0231292,ck_ck,-0.001157,-5.00,0.0242782,0.0242976,0.0242826,0.0242945,0.0242858,0.0231057,0.0231755,0.0231102,0.023134,0.0231292
3,2,4,32,1024,96,256,0.026266,0.0258666,ck_ck,-0.000399,-1.54,0.0262846,0.026266,0.0262798,0.0261915,0.0261033,0.0258666,0.0254138,0.0258261,0.0258996,0.0259349
3,2,4,32,1024,128,32,0.0226315,0.0140537,ck_ck,-0.008578,-61.04,0.0226178,0.0224489,0.0226315,0.0227405,0.0226622,0.0140537,0.0140679,0.014022,0.014067,0.0140095
3,2,4,32,1024,128,48,0.0226128,0.014922,ck_ck,-0.007691,-51.54,0.0228236,0.0221318,0.0226128,0.0225813,0.0229746,0.0149499,0.014922,0.0149577,0.014918,0.0149218
3,2,4,32,1024,128,64,0.0225906,0.0147199,ck_ck,-0.007871,-53.47,0.0227655,0.0223991,0.0229892,0.0224704,0.0225906,0.0147162,0.0148044,0.014717,0.0148068,0.0147199
3,2,4,32,1024,128,80,0.0228889,0.0156885,ck_ck,-0.007200,-45.90,0.0227005,0.0230577,0.0228889,0.0229408,0.0227644,0.0156661,0.0156885,0.0157167,0.0156884,0.015715
3,2,4,32,1024,128,96,0.0227329,0.0162486,ck_ck,-0.006484,-39.91,0.0231634,0.0223303,0.0229011,0.0227329,0.0221965,0.0162486,0.0162658,0.0162429,0.0162643,0.0162334
3,2,4,32,1024,128,128,0.0226047,0.0168775,ck_ck,-0.005727,-33.93,0.02257,0.0226047,0.0227794,0.0225267,0.0227602,0.0168775,0.0168932,0.0168758,0.0168937,0.0168762
3,2,4,32,1024,128,192,0.0253789,0.0242184,ck_ck,-0.001160,-4.79,0.0253831,0.0252846,0.0253883,0.0253142,0.0253789,0.0242479,0.0242184,0.0242336,0.0241906,0.0242082
3,2,4,32,1024,128,256,0.0266263,0.0237304,ck_ck,-0.002896,-12.20,0.0266659,0.0266263,0.0265577,0.026553,0.026632,0.0237247,0.0237304,0.0237103,0.0237305,0.0237458
3,2,4,32,1024,192,32,0.0227254,0.0155147,ck_ck,-0.007211,-46.48,0.0226823,0.0223771,0.0227836,0.0227254,0.0228101,0.0155147,0.0155083,0.01553,0.015503,0.0155266
3,2,4,32,1024,192,48,0.0226343,0.0165286,ck_ck,-0.006106,-36.94,0.023211,0.0225966,0.0226343,0.0227316,0.0224492,0.0165558,0.0165366,0.0165286,0.0165072,0.0165223
3,2,4,32,1024,192,64,0.0228649,0.0170802,ck_ck,-0.005785,-33.87,0.0228792,0.0226587,0.0230057,0.0228649,0.0225212,0.0170802,0.017118,0.0170751,0.0171162,0.0170724
3,2,4,32,1024,192,80,0.0227313,0.0183577,ck_ck,-0.004374,-23.82,0.0229901,0.0227143,0.0227313,0.0228055,0.0227092,0.0183577,0.0183585,0.0183589,0.0182994,0.0183552
3,2,4,32,1024,192,96,0.0228817,0.0190401,ck_ck,-0.003842,-20.18,0.0227557,0.0229976,0.0228671,0.0228985,0.0228817,0.0190401,0.0190223,0.0190442,0.0190159,0.0190446
3,2,4,32,1024,192,128,0.0228139,0.020604,ck_ck,-0.002210,-10.73,0.0225444,0.0225704,0.0232023,0.0228577,0.0228139,0.020604,0.0206082,0.0206019,0.0206101,0.0206001
3,2,4,32,1024,192,192,0.0279472,0.0244115,ck_ck,-0.003536,-14.48,0.0279472,0.0281116,0.0279045,0.0281032,0.0278988,0.0244115,0.0244095,0.0244137,0.0244328,0.0244081
3,2,4,32,1024,192,256,0.0272967,0.0273027,ck_mlir,0.000006,0.02,0.0272967,0.0273694,0.0272085,0.0274096,0.027271,0.0273105,0.0272833,0.0273027,0.0272646,0.0273068
3,2,4,32,1024,256,32,0.0226976,0.0175165,ck_ck,-0.005181,-29.58,0.0226976,0.0226623,0.0228096,0.0226898,0.0228286,0.0175186,0.0175165,0.0175159,0.0175133,0.0175175
3,2,4,32,1024,256,48,0.0229271,0.0185492,ck_ck,-0.004378,-23.60,0.0229271,0.0226561,0.0227381,0.0229402,0.0232021,0.0185445,0.0185515,0.0185492,0.0185562,0.0185487
3,2,4,32,1024,256,64,0.0228308,0.0190293,ck_ck,-0.003801,-19.98,0.0229493,0.0228308,0.0226376,0.0227591,0.0229127,0.0190293,0.0190289,0.0190309,0.018977,0.0190296
3,2,4,32,1024,256,80,0.0227506,0.0200317,ck_ck,-0.002719,-13.57,0.0228944,0.022615,0.0227506,0.022926,0.0227258,0.0200317,0.02006,0.020035,0.02003,0.0200317
3,2,4,32,1024,256,96,0.0234028,0.0210907,ck_ck,-0.002312,-10.96,0.0232663,0.023577,0.0233102,0.0234028,0.0235783,0.0210897,0.0210774,0.0210969,0.0211093,0.0210907
3,2,4,32,1024,256,128,0.0240321,0.0221763,ck_ck,-0.001856,-8.37,0.0240268,0.024061,0.024032,0.0240738,0.0240321,0.0221718,0.022183,0.0221763,0.0221792,0.022171
3,2,4,32,1024,256,192,0.0290804,0.0266935,ck_ck,-0.002387,-8.94,0.0290858,0.0290868,0.0289443,0.0290804,0.0289445,0.0266971,0.0266715,0.0266935,0.0266824,0.0266958
3,2,4,32,1024,256,256,0.0312066,0.0283247,ck_ck,-0.002882,-10.17,0.03105,0.0312734,0.0310401,0.0312699,0.0312066,0.028281,0.0283247,0.0283256,0.0283382,0.0282897
3,2,4,32,2048,32,32,0.0225378,0.0189225,ck_ck,-0.003615,-19.11,0.0226688,0.0223439,0.0228768,0.0225378,0.0222195,0.0189239,0.0189233,0.0189212,0.0189209,0.0189225
3,2,4,32,2048,32,48,0.0242025,0.0219411,ck_ck,-0.002261,-10.31,0.0241442,0.0242025,0.0241436,0.0243595,0.0242961,0.0219411,0.021964,0.0219355,0.0219725,0.021933
3,2,4,32,2048,32,64,0.0307653,0.0198603,ck_ck,-0.010905,-54.91,0.0307653,0.0308878,0.0307593,0.0308707,0.0307444,0.0198574,0.0198603,0.0198601,0.0198622,0.0198653
3,2,4,32,2048,32,80,0.0246068,0.0220884,ck_ck,-0.002518,-11.40,0.0246068,0.0247271,0.0246017,0.0250286,0.0245779,0.0220884,0.022129,0.0220797,0.0221316,0.022076
3,2,4,32,2048,32,96,0.026436,0.0237203,ck_ck,-0.002716,-11.45,0.0264392,0.0262868,0.0264442,0.0262197,0.026436,0.0236887,0.0237227,0.0237,0.0237203,0.0237448
3,2,4,32,2048,32,128,0.0265323,0.0238116,ck_ck,-0.002721,-11.43,0.0265321,0.0264438,0.0265323,0.026583,0.026534,0.0237255,0.0238116,0.0238489,0.0238073,0.0238422
3,2,4,32,2048,32,192,0.0334179,0.0310296,ck_ck,-0.002388,-7.70,0.0334134,0.0334492,0.033416,0.0334487,0.0334179,0.0310312,0.0310201,0.0310087,0.0310449,0.0310296
3,2,4,32,2048,32,256,0.0356984,0.0332862,ck_ck,-0.002412,-7.25,0.0357046,0.0355423,0.0356984,0.0355804,0.0357,0.033278,0.0332953,0.0332986,0.0332862,0.0332492
3,2,4,32,2048,48,32,0.0229275,0.0202948,ck_ck,-0.002633,-12.97,0.0229121,0.0230426,0.0229275,0.0229226,0.0230465,0.0202912,0.0203641,0.0202874,0.0203454,0.0202948
3,2,4,32,2048,48,48,0.0322698,0.0234758,ck_ck,-0.008794,-37.46,0.0322728,0.0321785,0.0322698,0.0321547,0.0322724,0.0235002,0.0234695,0.0234758,0.0234613,0.0234859
3,2,4,32,2048,48,64,0.0239589,0.0216212,ck_ck,-0.002338,-10.81,0.0238597,0.0238413,0.024051,0.0240119,0.0239589,0.0216212,0.0215957,0.0216198,0.0216385,0.0216347
3,2,4,32,2048,48,80,0.0271932,0.0246244,ck_ck,-0.002569,-10.43,0.0271043,0.0272196,0.0271932,0.02717,0.0272071,0.0246168,0.0246382,0.0246216,0.0246493,0.0246244
3,2,4,32,2048,48,96,0.0276703,0.0251565,ck_ck,-0.002514,-9.99,0.0275178,0.0276724,0.0276194,0.0277214,0.0276703,0.0251565,0.0251469,0.0251681,0.0251326,0.0251586
3,2,4,32,2048,48,128,0.0298492,0.0271366,ck_ck,-0.002713,-10.00,0.0298139,0.0298714,0.0298463,0.0298492,0.0298637,0.0271734,0.0271218,0.0271366,0.0271251,0.0271392
3,2,4,32,2048,48,192,0.0390768,0.0378769,ck_ck,-0.001200,-3.17,0.0390664,0.0390768,0.0389231,0.0391185,0.039078,0.0378928,0.0378789,0.0378601,0.0378769,0.0378476
3,2,4,32,2048,48,256,0.0403343,0.0400629,ck_ck,-0.000271,-0.68,0.040383,0.0402148,0.0403832,0.0402468,0.0403343,0.0401266,0.0400629,0.0400827,0.0400391,0.0400364
3,2,4,32,2048,64,32,0.0225839,0.0197136,ck_ck,-0.002870,-14.56,0.0228404,0.0225072,0.0225774,0.0227104,0.0225839,0.0197002,0.0197629,0.0197014,0.0197136,0.0197638
3,2,4,32,2048,64,48,0.0242015,0.0216632,ck_ck,-0.002538,-11.72,0.0242432,0.0243007,0.0241604,0.0242015,0.0241987,0.0216787,0.0216825,0.0216541,0.0216457,0.0216632
3,2,4,32,2048,64,64,0.0246592,0.0220959,ck_ck,-0.002563,-11.60,0.0246763,0.0246592,0.0246836,0.024653,0.0245498,0.0220959,0.0221347,0.0220953,0.0220658,0.0221008
3,2,4,32,2048,64,80,0.0275311,0.0249731,ck_ck,-0.002558,-10.24,0.0274512,0.0276579,0.0275311,0.0276393,0.0275241,0.0249723,0.0249731,0.0249716,0.0249754,0.0249781
3,2,4,32,2048,64,96,0.028329,0.0252894,ck_ck,-0.003040,-12.02,0.028329,0.0283706,0.0283183,0.0283571,0.0282418,0.0252903,0.0252894,0.0252933,0.0252869,0.0252819
3,2,4,32,2048,64,128,0.0294073,0.026706,ck_ck,-0.002701,-10.11,0.0293869,0.0293868,0.0294073,0.0294089,0.0294358,0.0267071,0.0267196,0.0267048,0.0266722,0.026706
3,2,4,32,2048,64,192,0.0395719,0.0371311,ck_ck,-0.002441,-6.57,0.0396023,0.0395719,0.0394625,0.039574,0.0394458,0.0371347,0.0371229,0.0371301,0.037192,0.0371311
3,2,4,32,2048,64,256,0.0407011,0.0387406,ck_ck,-0.001960,-5.06,0.0407061,0.0407011,0.0404993,0.0407896,0.0405518,0.0387567,0.0387156,0.0387406,0.0387215,0.0387731
3,2,4,32,2048,80,32,0.0241274,0.0213619,ck_ck,-0.002766,-12.95,0.0241818,0.0241274,0.0241933,0.0241188,0.0239351,0.0213619,0.0213288,0.0213631,0.0213343,0.0213648
3,2,4,32,2048,80,48,0.0336868,0.02477,ck_ck,-0.008917,-36.00,0.0336316,0.0336983,0.0336804,0.0337146,0.0336868,0.0247587,0.0247172,0.0247733,0.0247771,0.02477
3,2,4,32,2048,80,64,0.0353752,0.0240388,ck_ck,-0.011336,-47.16,0.0352942,0.0354096,0.0352733,0.0353752,0.0353793,0.0239896,0.0240396,0.0239961,0.0240423,0.0240388
3,2,4,32,2048,80,80,0.0291082,0.0265391,ck_ck,-0.002569,-9.68,0.0291121,0.0290564,0.0291082,0.0290449,0.0291157,0.0265462,0.0265355,0.0265391,0.0265366,0.0265405
3,2,4,32,2048,80,96,0.0305288,0.0280188,ck_ck,-0.002510,-8.96,0.0305312,0.0305703,0.0305288,0.0304401,0.0305274,0.0280188,0.0280829,0.0280095,0.0280685,0.0280039
3,2,4,32,2048,80,128,0.0310452,0.0282288,ck_ck,-0.002816,-9.98,0.0310422,0.030958,0.0310457,0.0311502,0.0310452,0.0282271,0.0282266,0.0282288,0.0282323,0.0282308
3,2,4,32,2048,80,192,0.039087,0.0366561,ck_ck,-0.002431,-6.63,0.039087,0.0391082,0.0390768,0.0391979,0.0390846,0.0366747,0.0366477,0.0366402,0.0366596,0.0366561
3,2,4,32,2048,80,256,0.0409429,0.0406294,ck_ck,-0.000313,-0.77,0.0410294,0.0408618,0.0409429,0.0409154,0.0410347,0.0406294,0.0406501,0.0405565,0.0405614,0.0406669
3,2,4,32,2048,96,32,0.023292,0.0205068,ck_ck,-0.002785,-13.58,0.023293,0.0231441,0.023292,0.0231078,0.0232991,0.0205068,0.0205468,0.0204999,0.0205544,0.0205043
3,2,4,32,2048,96,48,0.031699,0.022932,ck_ck,-0.008767,-38.23,0.0316644,0.0317416,0.0316646,0.0317201,0.031699,0.0229175,0.0229525,0.0229079,0.0229679,0.022932
3,2,4,32,2048,96,64,0.0262011,0.0233919,ck_ck,-0.002809,-12.01,0.0262033,0.0261301,0.0262011,0.0261362,0.0262065,0.0233837,0.0234555,0.0233919,0.0234549,0.0233917
3,2,4,32,2048,96,80,0.0295078,0.0268889,ck_ck,-0.002619,-9.74,0.0295078,0.0294278,0.029515,0.0294224,0.0295166,0.0268884,0.0269168,0.026886,0.02692,0.0268889
3,2,4,32,2048,96,96,0.0292502,0.02684,ck_ck,-0.002410,-8.98,0.0292678,0.029204,0.0292502,0.0292502,0.0290677,0.0268416,0.0268292,0.02684,0.0268383,0.0268408
3,2,4,32,2048,96,128,0.0303379,0.027789,ck_ck,-0.002549,-9.17,0.0303379,0.0304086,0.0303401,0.030149,0.0303354,0.0277745,0.0278124,0.027789,0.0278122,0.0277775
3,2,4,32,2048,96,192,0.0380681,0.0343565,ck_ck,-0.003712,-10.80,0.0380845,0.0380316,0.0380681,0.0378801,0.0380917,0.0343355,0.0343566,0.0343565,0.0343615,0.0343319
3,2,4,32,2048,96,256,0.0411968,0.0408905,ck_ck,-0.000306,-0.75,0.0412488,0.0411478,0.0411968,0.0412751,0.0411735,0.0408613,0.0409463,0.0409009,0.0408905,0.0408812
3,2,4,32,2048,128,32,0.0291423,0.022544,ck_ck,-0.006598,-29.27,0.0291474,0.0291045,0.0291463,0.0290829,0.0291423,0.022544,0.0225825,0.0225284,0.0225891,0.0225188
3,2,4,32,2048,128,48,0.0263234,0.0239179,ck_ck,-0.002406,-10.06,0.0263297,0.0263234,0.0262576,0.0263352,0.0261869,0.0239148,0.0239179,0.0239205,0.023943,0.0239153
3,2,4,32,2048,128,64,0.0258978,0.0235032,ck_ck,-0.002395,-10.19,0.0259546,0.0259018,0.0257418,0.0258978,0.0257522,0.0235061,0.0235032,0.0235069,0.0235026,0.0234996
3,2,4,32,2048,128,80,0.0285564,0.0255638,ck_ck,-0.002993,-11.71,0.0285712,0.0285564,0.0285552,0.0285553,0.0285723,0.0255587,0.0255634,0.0255668,0.0255662,0.0255638
3,2,4,32,2048,128,96,0.0298214,0.027096,ck_ck,-0.002725,-10.06,0.0296828,0.0298587,0.029804,0.0298709,0.0298214,0.0270979,0.027096,0.0270902,0.0270849,0.0270963
3,2,4,32,2048,128,128,0.031182,0.0278776,ck_ck,-0.003304,-11.85,0.0311723,0.031231,0.0311744,0.031232,0.031182,0.0278776,0.0278837,0.0278723,0.027878,0.027874
3,2,4,32,2048,128,192,0.0414045,0.0404557,ck_ck,-0.000949,-2.35,0.0414045,0.0415594,0.0413219,0.0415795,0.0413252,0.0404736,0.0402734,0.0404557,0.0403896,0.0404818
3,2,4,32,2048,128,256,0.0423086,0.0396008,ck_ck,-0.002708,-6.84,0.0422654,0.0425206,0.0423055,0.0424022,0.0423086,0.0395784,0.0395946,0.0396123,0.0396008,0.0396062
3,2,4,32,2048,192,32,0.027988,0.0254875,ck_ck,-0.002500,-9.81,0.0279853,0.027988,0.0279909,0.0279857,0.0279887,0.0254875,0.0254773,0.0254972,0.0254798,0.0255021
3,2,4,32,2048,192,48,0.0296528,0.0270364,ck_ck,-0.002616,-9.68,0.0296633,0.029452,0.0296532,0.0295107,0.0296528,0.0270895,0.0269819,0.0270364,0.0270051,0.0270571
3,2,4,32,2048,192,64,0.0300832,0.0274469,ck_ck,-0.002636,-9.61,0.0300907,0.0299856,0.0300811,0.0301675,0.0300832,0.027439,0.0274665,0.0274469,0.0274742,0.0274339
3,2,4,32,2048,192,80,0.0334246,0.0310231,ck_ck,-0.002401,-7.74,0.0334315,0.0333294,0.0334246,0.0333294,0.0334254,0.0310165,0.0310355,0.031022,0.0310357,0.0310231
3,2,4,32,2048,192,96,0.0351446,0.0326416,ck_ck,-0.002503,-7.67,0.035146,0.0351023,0.0351446,0.0351359,0.0351521,0.0326426,0.0326232,0.0326416,0.0326373,0.0326444
3,2,4,32,2048,192,128,0.0362648,0.0337482,ck_ck,-0.002517,-7.46,0.0362649,0.0363035,0.0362349,0.036141,0.0362648,0.0337113,0.0337973,0.0337441,0.0337931,0.0337482
3,2,4,32,2048,192,192,0.0457435,0.0422162,ck_ck,-0.003527,-8.36,0.0457371,0.0457448,0.0457435,0.0458635,0.0457206,0.0422162,0.0421526,0.0421807,0.0425496,0.0422167
3,2,4,32,2048,192,256,0.0451911,0.0424439,ck_ck,-0.002747,-6.47,0.0453155,0.0450863,0.0451911,0.0450347,0.0453142,0.0425214,0.042435,0.0424369,0.0424529,0.0424439
3,2,4,32,2048,256,32,0.0319987,0.0292941,ck_ck,-0.002705,-9.23,0.0318841,0.0320241,0.0319273,0.0320193,0.0319987,0.0292976,0.0292684,0.0292986,0.0292509,0.0292941
3,2,4,32,2048,256,48,0.0389131,0.0300489,ck_ck,-0.008864,-29.50,0.0387928,0.0389428,0.038923,0.0387849,0.0389131,0.0300489,0.0300684,0.0300389,0.0300703,0.0300483
3,2,4,32,2048,256,64,0.0341183,0.0312504,ck_ck,-0.002868,-9.18,0.0341189,0.0341111,0.0341183,0.0341722,0.0340955,0.031202,0.0312587,0.0312504,0.0312511,0.0312483
3,2,4,32,2048,256,80,0.0363515,0.0334768,ck_ck,-0.002875,-8.59,0.0363538,0.0363695,0.036348,0.0362462,0.0363515,0.0335051,0.0334632,0.0334845,0.0334731,0.0334768
3,2,4,32,2048,256,96,0.0382554,0.0355465,ck_ck,-0.002709,-7.62,0.038263,0.0381931,0.0382554,0.0382383,0.0382581,0.0355363,0.0356111,0.0355465,0.0356028,0.035545
3,2,4,32,2048,256,128,0.0392047,0.0364315,ck_ck,-0.002773,-7.61,0.0392086,0.0390973,0.0392047,0.0392612,0.0391832,0.0364315,0.0364761,0.03643,0.0364765,0.0364216
3,2,4,32,2048,256,192,0.0505097,0.048328,ck_ck,-0.002182,-4.51,0.0508382,0.0505097,0.0507493,0.0500232,0.0501435,0.0483472,0.0485748,0.0482716,0.048133,0.048328
3,2,4,32,2048,256,256,0.0505158,0.05021,ck_ck,-0.000306,-0.61,0.0505564,0.0505158,0.050631,0.05044,0.0504672,0.0502863,0.05021,0.0501655,0.0501027,0.0502563
3,2,4,32,4096,32,32,0.0331816,0.0306567,ck_ck,-0.002525,-8.24,0.0330021,0.0331816,0.0332022,0.0331893,0.033036,0.0306567,0.0306021,0.0306576,0.0305934,0.0306625
3,2,4,32,4096,32,48,0.0385334,0.036152,ck_ck,-0.002381,-6.59,0.0385764,0.0385334,0.0385809,0.0385234,0.0384837,0.0361406,0.0362035,0.0361434,0.0362044,0.036152
3,2,4,32,4096,32,64,0.0342177,0.0317835,ck_ck,-0.002434,-7.66,0.0341638,0.0342323,0.0342177,0.0342227,0.0340994,0.0317772,0.0317839,0.0317802,0.0317923,0.0317835
3,2,4,32,4096,32,80,0.0410201,0.0386703,ck_ck,-0.002350,-6.08,0.0409073,0.0410279,0.0410687,0.0409349,0.0410201,0.0386932,0.0386703,0.0387351,0.0386684,0.0386313
3,2,4,32,4096,32,96,0.0424711,0.0394324,ck_ck,-0.003039,-7.71,0.0424868,0.0424408,0.0424711,0.0424191,0.0425006,0.0394324,0.0394525,0.0394243,0.0394339,0.0394292
3,2,4,32,4096,32,128,0.043135,0.041702,ck_ck,-0.001433,-3.44,0.0431438,0.0429492,0.0431452,0.0429955,0.043135,0.0416731,0.0417058,0.0416979,0.0417089,0.041702
3,2,4,32,4096,32,192,0.0585775,0.0604339,ck_mlir,0.001856,3.07,0.0585775,0.0585262,0.0585821,0.058585,0.0585417,0.0604232,0.0604367,0.0604456,0.0604339,0.0604105
3,2,4,32,4096,32,256,0.0585856,0.0562692,ck_ck,-0.002316,-4.12,0.0586674,0.0585856,0.0585728,0.0586592,0.0585787,0.0562692,0.0562459,0.0563774,0.0562519,0.056271
3,2,4,32,4096,48,32,0.0353478,0.0326394,ck_ck,-0.002708,-8.30,0.0353478,0.0353678,0.0353183,0.035369,0.0353227,0.0326407,0.0326389,0.0326393,0.0326394,0.0326469
3,2,4,32,4096,48,48,0.0417023,0.0390104,ck_ck,-0.002692,-6.90,0.0418381,0.041614,0.0416731,0.0417023,0.0417435,0.0389882,0.0390795,0.0389935,0.0391771,0.0390104
3,2,4,32,4096,48,64,0.0370983,0.0345846,ck_ck,-0.002514,-7.27,0.0371037,0.0370528,0.0370983,0.0370502,0.037148,0.0345794,0.0346307,0.0345846,0.0346311,0.0345802
3,2,4,32,4096,48,80,0.0462007,0.043556,ck_ck,-0.002645,-6.07,0.0462664,0.0462046,0.0462005,0.046182,0.0462007,0.043556,0.0435435,0.0435577,0.0435363,0.043559
3,2,4,32,4096,48,96,0.0454828,0.0432675,ck_ck,-0.002215,-5.12,0.0454828,0.0457155,0.0454611,0.045706,0.0454769,0.0432817,0.04328,0.0432625,0.0432271,0.0432675
3,2,4,32,4096,48,128,0.0474189,0.0449116,ck_ck,-0.002507,-5.58,0.0474216,0.0474085,0.0474342,0.0474049,0.0474189,0.0449191,0.0448916,0.0448484,0.0449289,0.0449116
3,2,4,32,4096,48,192,0.0664381,0.0639992,ck_ck,-0.002439,-3.81,0.0664505,0.0661278,0.0664261,0.0664429,0.0664381,0.0640052,0.0639992,0.0640148,0.0639554,0.0639825
3,2,4,32,4096,48,256,0.0645705,0.0622404,ck_ck,-0.002330,-3.74,0.0645705,0.064592,0.0645646,0.0645168,0.064617,0.0622321,0.0622711,0.0622404,0.0622151,0.0622637
3,2,4,32,4096,64,32,0.0334875,0.0307624,ck_ck,-0.002725,-8.86,0.0334875,0.0334247,0.0335115,0.0334366,0.0334945,0.030734,0.0308078,0.0307387,0.0307969,0.0307624
3,2,4,32,4096,64,48,0.0375139,0.0352101,ck_ck,-0.002304,-6.54,0.0375139,0.037462,0.0375447,0.0374562,0.0375194,0.0352101,0.0351983,0.0352106,0.0352188,0.0352043
3,2,4,32,4096,64,64,0.0390963,0.0367346,ck_ck,-0.002362,-6.43,0.0390963,0.0389458,0.039103,0.0389959,0.0391152,0.0367207,0.0367346,0.0367373,0.0367215,0.0367367
3,2,4,32,4096,64,80,0.0443928,0.041519,ck_ck,-0.002874,-6.92,0.0443928,0.0442693,0.0444169,0.0442469,0.0444064,0.041481,0.0415457,0.0414854,0.0415336,0.041519
3,2,4,32,4096,64,96,0.0441592,0.0414553,ck_ck,-0.002704,-6.52,0.0441743,0.0442061,0.0441159,0.0441113,0.0441592,0.0414265,0.0414658,0.0414553,0.0414616,0.0414437
3,2,4,32,4096,64,128,0.0492731,0.0465555,ck_ck,-0.002718,-5.84,0.0492731,0.0492252,0.0492832,0.0492849,0.049255,0.0465555,0.0465719,0.0465492,0.0465661,0.046525
3,2,4,32,4096,64,192,0.0669336,0.0650819,ck_ck,-0.001852,-2.85,0.0669586,0.0669336,0.0667532,0.0667178,0.0669611,0.065066,0.0650819,0.0651513,0.0650662,0.0650977
3,2,4,32,4096,64,256,0.0688839,0.0681217,ck_ck,-0.000762,-1.12,0.0688559,0.0690151,0.0688839,0.0688521,0.0689297,0.0682147,0.0679931,0.0681729,0.0681217,0.0681121
3,2,4,32,4096,80,32,0.0371137,0.0346086,ck_ck,-0.002505,-7.24,0.0371388,0.0368839,0.037129,0.0369021,0.0371137,0.0346348,0.0346248,0.0345839,0.0346086,0.034605
3,2,4,32,4096,80,48,0.0447325,0.0423365,ck_ck,-0.002396,-5.66,0.044693,0.0447325,0.0446773,0.0447446,0.0447978,0.04233,0.0422958,0.0423548,0.0423365,0.0423748
3,2,4,32,4096,80,64,0.0409429,0.0382847,ck_ck,-0.002658,-6.94,0.0409429,0.0407927,0.0409751,0.040783,0.0409449,0.0382072,0.0382875,0.038273,0.0382847,0.0382894
3,2,4,32,4096,80,80,0.050816,0.0478425,ck_ck,-0.002973,-6.22,0.0508408,0.0506882,0.0508123,0.0508196,0.050816,0.0478325,0.0478425,0.0478084,0.0478467,0.0478824
3,2,4,32,4096,80,96,0.052546,0.0500125,ck_ck,-0.002534,-5.07,0.052571,0.0524855,0.052546,0.0523685,0.0525496,0.0499805,0.0500306,0.0500125,0.0500384,0.0500035
3,2,4,32,4096,80,128,0.0538568,0.0517873,ck_ck,-0.002070,-4.00,0.0538568,0.0542528,0.053884,0.0537859,0.0537314,0.0517873,0.0518654,0.0515275,0.051473,0.0521774
3,2,4,32,4096,80,192,0.0689842,0.0666224,ck_ck,-0.002362,-3.55,0.0689842,0.0689331,0.0690223,0.0691072,0.0689747,0.0666224,0.0666366,0.0665738,0.0667007,0.0666071
3,2,4,32,4096,80,256,0.0724101,0.0700081,ck_ck,-0.002402,-3.43,0.0724277,0.0724053,0.0724101,0.072407,0.0724327,0.0700087,0.0699958,0.0700838,0.0700081,0.070003
3,2,4,32,4096,96,32,0.0362917,0.0336768,ck_ck,-0.002615,-7.76,0.0362992,0.0361625,0.0362917,0.0362498,0.0362929,0.0336613,0.033692,0.0336768,0.0336948,0.0336744
3,2,4,32,4096,96,48,0.0462672,0.0373416,ck_ck,-0.008926,-23.90,0.0462672,0.0462858,0.0462722,0.0462469,0.0462531,0.0373484,0.0373114,0.0373416,0.037309,0.0373487
3,2,4,32,4096,96,64,0.0496528,0.0386189,ck_ck,-0.011034,-28.57,0.0496628,0.0494963,0.0496528,0.0495648,0.0496624,0.0386099,0.0386463,0.0386189,0.0386424,0.0386188
3,2,4,32,4096,96,80,0.0477453,0.0451726,ck_ck,-0.002573,-5.70,0.0477723,0.0476937,0.0477453,0.0477351,0.047776,0.0451816,0.0451421,0.0451726,0.0451568,0.0451885
3,2,4,32,4096,96,96,0.0475761,0.0450125,ck_ck,-0.002564,-5.70,0.0475987,0.0474113,0.0475689,0.0475761,0.0475991,0.0449792,0.0450712,0.0449972,0.0450588,0.0450125
3,2,4,32,4096,96,128,0.0500036,0.0474986,ck_ck,-0.002505,-5.27,0.0500151,0.0499347,0.0500036,0.0499479,0.0500038,0.0474841,0.0474913,0.0475034,0.0474986,0.0475146
3,2,4,32,4096,96,192,0.0655136,0.0618119,ck_ck,-0.003702,-5.99,0.0655404,0.0654323,0.0655136,0.0653955,0.0655163,0.0618484,0.0618119,0.0617963,0.0617682,0.0618923
3,2,4,32,4096,96,256,0.0662834,0.0638704,ck_ck,-0.002413,-3.78,0.0662478,0.0662834,0.066307,0.0663182,0.066196,0.0640675,0.0637994,0.0639883,0.0638704,0.0637816
3,2,4,32,4096,128,32,0.0394038,0.036682,ck_ck,-0.002722,-7.42,0.0394101,0.0390599,0.0394038,0.0390349,0.039404,0.036682,0.0367071,0.0366457,0.0367058,0.0366498
3,2,4,32,4096,128,48,0.0416056,0.0389987,ck_ck,-0.002607,-6.68,0.0415789,0.0416815,0.0416056,0.0417026,0.0415768,0.0390194,0.0389775,0.0389987,0.0389795,0.0390556
3,2,4,32,4096,128,64,0.0416978,0.0388444,ck_ck,-0.002853,-7.35,0.0416968,0.0417121,0.0417068,0.0416177,0.0416978,0.0388297,0.0388633,0.0388444,0.0388672,0.038832
3,2,4,32,4096,128,80,0.0452214,0.0422495,ck_ck,-0.002972,-7.03,0.0452214,0.0452505,0.0452443,0.0451117,0.0451452,0.0422495,0.0421979,0.0422613,0.0422501,0.0422407
3,2,4,32,4096,128,96,0.0473819,0.0442599,ck_ck,-0.003122,-7.05,0.0473862,0.0473832,0.0472947,0.0473819,0.04726,0.04426,0.044261,0.0442599,0.0442495,0.0442426
3,2,4,32,4096,128,128,0.0488267,0.0464785,ck_ck,-0.002348,-5.05,0.048806,0.0489889,0.0487989,0.0488267,0.0489841,0.0464828,0.046485,0.0464719,0.0464785,0.046477
3,2,4,32,4096,128,192,0.0723524,0.0700739,ck_ck,-0.002279,-3.25,0.0725025,0.0723524,0.0723163,0.072491,0.0723422,0.0699208,0.0700739,0.0701464,0.0700924,0.0699352
3,2,4,32,4096,128,256,0.0705276,0.0655165,ck_ck,-0.005011,-7.65,0.0706308,0.0701322,0.0707021,0.0705276,0.0703969,0.0655476,0.0657565,0.0655165,0.0653757,0.0653571
3,2,4,32,4096,192,32,0.0446499,0.0420282,ck_ck,-0.002622,-6.24,0.0446429,0.0447539,0.0446499,0.0447581,0.044527,0.0420282,0.0420336,0.0420245,0.0420312,0.0420191
3,2,4,32,4096,192,48,0.0472627,0.0449644,ck_ck,-0.002298,-5.11,0.0472592,0.0473576,0.0472354,0.0473289,0.0472627,0.0449724,0.0449959,0.0449595,0.0449427,0.0449644
3,2,4,32,4096,192,64,0.0495089,0.0469629,ck_ck,-0.002546,-5.42,0.0495268,0.0494904,0.0495089,0.049507,0.0495392,0.0469661,0.0468975,0.0469629,0.0469457,0.0469773
3,2,4,32,4096,192,80,0.0544912,0.0518752,ck_ck,-0.002616,-5.04,0.0544512,0.0545845,0.0543933,0.0545919,0.0544912,0.0519133,0.0518585,0.0518752,0.0518433,0.0518995
3,2,4,32,4096,192,96,0.0559528,0.0534955,ck_ck,-0.002457,-4.59,0.0558922,0.0559858,0.0559452,0.0559528,0.0559682,0.0534865,0.0535227,0.0534665,0.0535327,0.0534955
3,2,4,32,4096,192,128,0.0596538,0.0565967,ck_ck,-0.003057,-5.40,0.059664,0.0596179,0.0596784,0.0596219,0.0596538,0.0565967,0.0566054,0.0565149,0.0566104,0.0565918
3,2,4,32,4096,192,192,0.0762153,0.0738142,ck_ck,-0.002401,-3.25,0.0762594,0.0760421,0.0762153,0.0760361,0.0762314,0.0737947,0.0738188,0.0737939,0.073827,0.0738142
3,2,4,32,4096,192,256,0.0802024,0.0767066,ck_ck,-0.003496,-4.56,0.080375,0.0802024,0.0800316,0.0801932,0.0802925,0.0770899,0.076951,0.0762159,0.0767066,0.076615
3,2,4,32,4096,256,32,0.0509819,0.04857,ck_ck,-0.002412,-4.97,0.050986,0.0507952,0.0509819,0.0508838,0.0509862,0.0485416,0.0485897,0.04857,0.0486201,0.0485657
3,2,4,32,4096,256,48,0.0545302,0.0519091,ck_ck,-0.002621,-5.05,0.0545241,0.0545676,0.0545235,0.0545755,0.0545302,0.0519419,0.0519161,0.0518997,0.0519091,0.0519021
3,2,4,32,4096,256,64,0.055883,0.0529434,ck_ck,-0.002940,-5.55,0.055883,0.0558381,0.0558845,0.0558863,0.055874,0.0529522,0.0529434,0.0529277,0.0529583,0.0529315
3,2,4,32,4096,256,80,0.0594861,0.0571772,ck_ck,-0.002309,-4.04,0.0595111,0.0594325,0.0594861,0.0594426,0.0594969,0.0571772,0.0571625,0.0571801,0.0571571,0.0571828
3,2,4,32,4096,256,96,0.0634726,0.0604692,ck_ck,-0.003003,-4.97,0.0634984,0.0635842,0.0634726,0.063392,0.0634722,0.0604689,0.0604953,0.0604692,0.0605068,0.0604619
3,2,4,32,4096,256,128,0.0644894,0.0617881,ck_ck,-0.002701,-4.37,0.0644894,0.0645152,0.0644692,0.0645069,0.0644689,0.061804,0.0617881,0.0617872,0.0618032,0.0616878
3,2,4,32,4096,256,192,0.084082,0.0809326,ck_ck,-0.003149,-3.89,0.0843075,0.0841672,0.084082,0.0837205,0.08405,0.0808093,0.0809326,0.0811979,0.0806642,0.0813615
3,2,4,32,4096,256,256,0.100122,0.0953564,ck_ck,-0.004766,-5.00,0.0997022,0.100306,0.100113,0.10021,0.100122,0.0953564,0.0958964,0.0952455,0.0953905,0.0952731
