num_splits,batch,nhead,M,N,K,O,ck_time_ms,mlir_time_ms,faster,delta_ms,speedup_pct,ck_run_0,ck_run_1,ck_run_2,ck_run_3,ck_run_4,mlir_run_0,mlir_run_1,mlir_run_2,mlir_run_3,mlir_run_4
2,2,4,1,1024,32,32,0.0154986,0.0220777,ck,0.006579,29.80,0.0154986,0.0156117,0.0154844,0.0156116,0.0154818,0.0222826,0.0220086,0.0220777,0.0216649,0.0221083
2,2,4,1,1024,32,48,0.0145627,0.0217755,ck,0.007213,33.12,0.0145566,0.0146764,0.014557,0.014675,0.0145627,0.0219281,0.0217755,0.0217689,0.0220248,0.0215655
2,2,4,1,1024,32,64,0.0169921,0.022001,ck,0.005009,22.77,0.0169888,0.0170853,0.0169881,0.0170895,0.0169921,0.0220589,0.022001,0.0219292,0.0216742,0.0221841
2,2,4,1,1024,32,80,0.0165468,0.0220966,ck,0.005550,25.12,0.0164696,0.0166474,0.0164701,0.016641,0.0165468,0.0220468,0.0219314,0.0220966,0.0221202,0.0222797
2,2,4,1,1024,32,96,0.0168246,0.0220057,ck,0.005181,23.54,0.0168423,0.0168541,0.0168246,0.0167976,0.0168055,0.0221861,0.0216491,0.022186,0.0219634,0.0220057
2,2,4,1,1024,32,128,0.0160225,0.0220323,ck,0.006010,27.28,0.0160219,0.0161538,0.0160197,0.0161497,0.0160225,0.0219406,0.0219493,0.0220323,0.0220357,0.0221716
2,2,4,1,1024,32,192,0.0221747,0.0220427,mlir,-0.000132,-0.60,0.0221213,0.02232,0.0221747,0.0223279,0.0221558,0.0220355,0.0221234,0.0220568,0.021811,0.0220427
2,2,4,1,1024,32,256,0.0233886,0.0218018,mlir,-0.001587,-7.28,0.023384,0.0234832,0.0233886,0.0234802,0.023344,0.0218201,0.0217536,0.0218018,0.0215304,0.0218647
2,2,4,1,1024,48,32,0.0133593,0.0215578,ck,0.008198,38.03,0.0133713,0.013467,0.0133016,0.0133593,0.0132891,0.0216177,0.0214067,0.0215578,0.0214987,0.0218456
2,2,4,1,1024,48,48,0.0156453,0.021703,ck,0.006058,27.91,0.0156448,0.0157958,0.0156453,0.0155976,0.015648,0.021703,0.0216632,0.0217883,0.0217141,0.021524
2,2,4,1,1024,48,64,0.0146975,0.0216591,ck,0.006962,32.14,0.0146982,0.0145469,0.0146975,0.0145438,0.0146991,0.0214557,0.0219281,0.0216591,0.0217201,0.021628
2,2,4,1,1024,48,80,0.0179823,0.0216363,ck,0.003654,16.89,0.0179823,0.0179246,0.018,0.0178584,0.0180147,0.0217652,0.0216822,0.0215686,0.0214036,0.0216363
2,2,4,1,1024,48,96,0.0172654,0.0216532,ck,0.004388,20.26,0.0172654,0.0172074,0.0172899,0.0171604,0.0173033,0.0216532,0.021512,0.0215875,0.0217014,0.021785
2,2,4,1,1024,48,128,0.0191024,0.0226293,ck,0.003527,15.59,0.0191004,0.019124,0.0191024,0.0191208,0.0190943,0.021817,0.0218337,0.0226293,0.0235529,0.0235294
2,2,4,1,1024,48,192,0.0226514,0.0235508,ck,0.000899,3.82,0.0226526,0.0224776,0.0226514,0.0225034,0.022656,0.0235508,0.0236431,0.0235366,0.0236316,0.0235367
2,2,4,1,1024,48,256,0.0233249,0.023072,mlir,-0.000253,-1.10,0.0233382,0.0232076,0.0233249,0.0231777,0.023326,0.0229077,0.0233809,0.0229698,0.0233901,0.023072
2,2,4,1,1024,64,32,0.0169386,0.0218071,ck,0.004868,22.33,0.0169416,0.0167941,0.0169386,0.0167567,0.0169453,0.0218104,0.0217508,0.021816,0.0216296,0.0218071
2,2,4,1,1024,64,48,0.0169669,0.0216644,ck,0.004698,21.68,0.0169701,0.0168648,0.0169669,0.0168748,0.0169704,0.0217785,0.0215549,0.0216644,0.0218732,0.0215837
2,2,4,1,1024,64,64,0.0169077,0.0234042,ck,0.006496,27.76,0.0168852,0.0170717,0.0168836,0.0170714,0.0169077,0.0238908,0.0234042,0.0235474,0.0233379,0.0217556
2,2,4,1,1024,64,80,0.0165706,0.0218026,ck,0.005232,24.00,0.0165698,0.0167317,0.0165706,0.0167308,0.0165674,0.0217566,0.0214584,0.0219375,0.0218026,0.0219025
2,2,4,1,1024,64,96,0.0168245,0.0218997,ck,0.005075,23.17,0.0167836,0.0169191,0.0168096,0.0169221,0.0168245,0.0220403,0.021939,0.0215451,0.0218997,0.0218092
2,2,4,1,1024,64,128,0.0177011,0.0215919,ck,0.003891,18.02,0.0177011,0.0177889,0.0176711,0.0177894,0.0176686,0.0213475,0.0218681,0.0215919,0.0215881,0.0219693
2,2,4,1,1024,64,192,0.0227214,0.0234763,ck,0.000755,3.22,0.0227214,0.0228543,0.0227188,0.0226978,0.0228507,0.0234734,0.0237481,0.0234763,0.0237472,0.0234612
2,2,4,1,1024,64,256,0.0239695,0.023205,mlir,-0.000765,-3.29,0.0239695,0.0238534,0.0239763,0.0238867,0.0239738,0.023205,0.0233918,0.0231013,0.0233853,0.0229042
2,2,4,1,1024,80,32,0.0162891,0.0217705,ck,0.005481,25.18,0.016292,0.0161686,0.0162927,0.0161722,0.0162891,0.0217842,0.0219759,0.0213213,0.0215426,0.0217705
2,2,4,1,1024,80,48,0.0177655,0.0216834,ck,0.003918,18.07,0.0177655,0.0177416,0.0178966,0.0177341,0.0179017,0.0216834,0.0217815,0.0217305,0.0216549,0.0216078
2,2,4,1,1024,80,64,0.0174099,0.0218018,ck,0.004392,20.14,0.0174163,0.0173042,0.0174182,0.0172943,0.0174099,0.0218132,0.0218018,0.0223201,0.0216044,0.0216799
2,2,4,1,1024,80,80,0.0196041,0.0219263,ck,0.002322,10.59,0.0196041,0.0194435,0.0196047,0.0194144,0.019607,0.0217498,0.0219263,0.021936,0.0218911,0.022451
2,2,4,1,1024,80,96,0.0202343,0.0220073,ck,0.001773,8.06,0.0202258,0.0203482,0.0202343,0.0203487,0.0202307,0.0236578,0.0220399,0.0217826,0.0220073,0.0214503
2,2,4,1,1024,80,128,0.0183026,0.0218485,ck,0.003546,16.23,0.0183026,0.0183877,0.0182759,0.0183868,0.0182449,0.0215406,0.0220555,0.0214546,0.021947,0.0218485
2,2,4,1,1024,80,192,0.0258096,0.0246549,mlir,-0.001155,-4.68,0.0258096,0.0258556,0.0257641,0.025926,0.0257771,0.0246549,0.0244764,0.0246928,0.0244822,0.0246932
2,2,4,1,1024,80,256,0.0258632,0.0239304,mlir,-0.001933,-8.08,0.0258194,0.0258819,0.0258697,0.0258632,0.0258004,0.0239749,0.0238971,0.0239304,0.0236943,0.024017
2,2,4,1,1024,96,32,0.0143079,0.0217154,ck,0.007407,34.11,0.0143079,0.0144244,0.0142588,0.0144292,0.0142952,0.0217154,0.021724,0.0214209,0.0216614,0.0231117
2,2,4,1,1024,96,48,0.0159365,0.0217198,ck,0.005783,26.63,0.0158957,0.0160432,0.015895,0.0160394,0.0159365,0.0217198,0.021684,0.0218547,0.0215712,0.0217261
2,2,4,1,1024,96,64,0.016088,0.0218189,ck,0.005731,26.27,0.0160292,0.0161689,0.016088,0.0161589,0.0160297,0.0218492,0.021562,0.0219354,0.021802,0.0218189
2,2,4,1,1024,96,80,0.0181052,0.021761,ck,0.003656,16.80,0.0181052,0.0181881,0.0180269,0.0181279,0.0180424,0.0217631,0.0222648,0.021761,0.0216545,0.0217219
2,2,4,1,1024,96,96,0.0185073,0.0215987,ck,0.003091,14.31,0.0185073,0.0185225,0.0184396,0.0185419,0.0184178,0.0216068,0.0216286,0.0215987,0.0215954,0.0215456
2,2,4,1,1024,96,128,0.0190674,0.0224187,ck,0.003351,14.95,0.0190095,0.019152,0.0190674,0.0191477,0.0190286,0.0217705,0.0215814,0.0224187,0.0231681,0.0234
2,2,4,1,1024,96,192,0.0244213,0.0243434,mlir,-0.000078,-0.32,0.024403,0.0245488,0.0244213,0.0245497,0.0243672,0.0243502,0.0241592,0.0243506,0.0241568,0.0243434
2,2,4,1,1024,96,256,0.0271264,0.024179,mlir,-0.002947,-12.19,0.0271264,0.0271971,0.0271009,0.0272033,0.0270715,0.02418,0.0237216,0.0241794,0.0236329,0.024179
2,2,4,1,1024,128,32,0.0152828,0.0217732,ck,0.006490,29.81,0.0152425,0.0154429,0.0152828,0.0154495,0.0152769,0.0217891,0.0216728,0.0218173,0.0217576,0.0217732
2,2,4,1,1024,128,48,0.0161442,0.0217798,ck,0.005636,25.88,0.0161441,0.0162935,0.0161442,0.0162949,0.0161401,0.0219335,0.0217798,0.0217642,0.0226388,0.0217606
2,2,4,1,1024,128,64,0.0161604,0.0227341,ck,0.006574,28.92,0.0161604,0.0162964,0.0161562,0.0162908,0.0161579,0.0227341,0.0229664,0.0231368,0.0219089,0.0216353
2,2,4,1,1024,128,80,0.0175595,0.0217869,ck,0.004227,19.40,0.0175789,0.0175595,0.0175304,0.0175878,0.0174474,0.0217797,0.0219891,0.0217621,0.0218714,0.0217869
2,2,4,1,1024,128,96,0.0186627,0.0218223,ck,0.003160,14.48,0.0186619,0.0186627,0.0186612,0.0187056,0.0186653,0.0218223,0.0218949,0.0218176,0.0217328,0.0218801
2,2,4,1,1024,128,128,0.0190942,0.0218936,ck,0.002799,12.79,0.0190571,0.0190675,0.0191457,0.0190942,0.019144,0.021808,0.021921,0.0217806,0.0218936,0.0219235
2,2,4,1,1024,128,192,0.0249681,0.0253556,ck,0.000387,1.53,0.0249369,0.0250111,0.024865,0.0250107,0.0249681,0.0253592,0.0252735,0.0253575,0.0252778,0.0253556
2,2,4,1,1024,128,256,0.0274407,0.0253163,mlir,-0.002124,-8.39,0.0274407,0.0275441,0.0274308,0.02753,0.0274174,0.025323,0.0250142,0.025319,0.0250152,0.0253163
2,2,4,1,1024,192,32,0.0172213,0.0235067,ck,0.006285,26.74,0.0172213,0.0173016,0.0172189,0.017301,0.0172167,0.0235136,0.0233378,0.023518,0.0233866,0.0235067
2,2,4,1,1024,192,48,0.018458,0.0237603,ck,0.005302,22.32,0.0183703,0.018458,0.018457,0.0184584,0.0184799,0.0237653,0.0237871,0.0237603,0.0235522,0.0234588
2,2,4,1,1024,192,64,0.0184433,0.0233155,ck,0.004872,20.90,0.0184489,0.0183636,0.0184466,0.0183618,0.0184433,0.0233135,0.0235223,0.0233155,0.0235262,0.0232961
2,2,4,1,1024,192,80,0.0211607,0.0237002,ck,0.002540,10.72,0.0211623,0.0210577,0.0211607,0.0210691,0.0212071,0.0236138,0.0238124,0.0236392,0.0239103,0.0237002
2,2,4,1,1024,192,96,0.0217215,0.0235544,ck,0.001833,7.78,0.0217261,0.0215917,0.0217215,0.0216577,0.0217319,0.0235459,0.0236166,0.0235544,0.0236034,0.0234692
2,2,4,1,1024,192,128,0.0219777,0.0236198,ck,0.001642,6.95,0.0219777,0.0219181,0.0219797,0.0218986,0.021978,0.0236191,0.0237785,0.0236198,0.0237557,0.0235564
2,2,4,1,1024,192,192,0.0264402,0.0272231,ck,0.000783,2.88,0.0264328,0.0265893,0.0264402,0.0265863,0.0264275,0.0272474,0.0272231,0.0271174,0.0272518,0.0270892
2,2,4,1,1024,192,256,0.0282149,0.0268425,mlir,-0.001372,-5.11,0.0282283,0.0281086,0.0282149,0.0280979,0.0282206,0.0268281,0.0271137,0.0268425,0.0271324,0.0268404
2,2,4,1,1024,256,32,0.019328,0.0260792,ck,0.006751,25.89,0.019328,0.0192359,0.0193328,0.0192335,0.0193282,0.0260792,0.0261441,0.0260766,0.0261609,0.0260181
2,2,4,1,1024,256,48,0.0203052,0.0260559,ck,0.005751,22.07,0.0203071,0.0202189,0.0203088,0.0202624,0.0203052,0.0260537,0.0261761,0.0260559,0.0261611,0.0260522
2,2,4,1,1024,256,64,0.0205135,0.026046,ck,0.005532,21.24,0.0205135,0.0203793,0.020523,0.0204297,0.020527,0.0260383,0.0260818,0.026046,0.0260883,0.0260377
2,2,4,1,1024,256,80,0.022859,0.025988,ck,0.003129,12.04,0.0228582,0.0228104,0.0228596,0.0228963,0.022859,0.025988,0.0260571,0.0259775,0.0260423,0.0258426
2,2,4,1,1024,256,96,0.0237026,0.0261214,ck,0.002419,9.26,0.023704,0.0235425,0.0237026,0.0236481,0.0237032,0.026041,0.0261232,0.026172,0.0261214,0.0261009
2,2,4,1,1024,256,128,0.0235981,0.0258354,ck,0.002237,8.66,0.0235979,0.0236021,0.0235983,0.0235561,0.0235981,0.0258895,0.0258354,0.0258599,0.0258121,0.0258062
2,2,4,1,1024,256,192,0.0299367,0.0298842,mlir,-0.000053,-0.18,0.0299407,0.0298676,0.0299461,0.0298624,0.0299367,0.0297501,0.0299748,0.0297468,0.0299701,0.0298842
2,2,4,1,1024,256,256,0.0312049,0.0290451,mlir,-0.002160,-7.44,0.0312069,0.0310791,0.0312049,0.0310919,0.0312085,0.0290451,0.0294496,0.0290398,0.0294622,0.0290449
2,2,4,1,2048,32,32,0.0209124,0.0285849,ck,0.007672,26.84,0.0209127,0.0208635,0.0209133,0.020883,0.0209124,0.0285053,0.0285923,0.0284841,0.0285849,0.0286061
2,2,4,1,2048,32,48,0.0243105,0.0286197,ck,0.004309,15.06,0.0243334,0.0242086,0.0243524,0.0242673,0.0243105,0.0285133,0.0286719,0.0286197,0.0286556,0.0284946
2,2,4,1,2048,32,64,0.0254059,0.0281605,ck,0.002755,9.78,0.0254181,0.0252934,0.0254107,0.025287,0.0254059,0.0280328,0.0283687,0.0281605,0.0283626,0.0281604
2,2,4,1,2048,32,80,0.0263328,0.0283404,ck,0.002008,7.08,0.0263288,0.0264449,0.0263314,0.0264439,0.0263328,0.0284767,0.0281322,0.028296,0.0284784,0.0283404
2,2,4,1,2048,32,96,0.0285602,0.0284336,mlir,-0.000127,-0.45,0.0285609,0.0284827,0.0285698,0.0284726,0.0285602,0.0284336,0.0285609,0.0284216,0.0285593,0.02833
2,2,4,1,2048,32,128,0.0271951,0.0285743,ck,0.001379,4.83,0.0272057,0.027079,0.0272038,0.0271276,0.0271951,0.0285743,0.0285014,0.0285887,0.0285024,0.0286212
2,2,4,1,2048,32,192,0.0390781,0.0352791,mlir,-0.003799,-10.77,0.0389723,0.0391459,0.039077,0.0391387,0.0390781,0.0352791,0.0351457,0.035302,0.0351326,0.0352834
2,2,4,1,2048,32,256,0.0410558,0.0347095,mlir,-0.006346,-18.28,0.0410558,0.0411097,0.0410286,0.0410936,0.0409845,0.0347417,0.03439,0.0347204,0.0344284,0.0347095
2,2,4,1,2048,48,32,0.0219216,0.0311391,ck,0.009217,29.60,0.0219102,0.0219902,0.0219216,0.0219825,0.0217961,0.0311455,0.0309268,0.0311391,0.0308741,0.0312581
2,2,4,1,2048,48,48,0.0261138,0.031688,ck,0.005574,17.59,0.0260564,0.0262344,0.0260401,0.0262369,0.0261138,0.0317168,0.0315216,0.031688,0.0314256,0.031689
2,2,4,1,2048,48,64,0.0244484,0.0312999,ck,0.006851,21.89,0.0244484,0.0244505,0.0243761,0.0244557,0.0243361,0.031231,0.0313068,0.0312752,0.0312999,0.0313889
2,2,4,1,2048,48,80,0.0306614,0.0316014,ck,0.000940,2.97,0.030643,0.030742,0.0306582,0.0307431,0.0306614,0.0316217,0.0314237,0.0316173,0.0314207,0.0316014
2,2,4,1,2048,48,96,0.0294593,0.0312545,ck,0.001795,5.74,0.0293916,0.0294593,0.0295284,0.029457,0.0295077,0.0312545,0.0313044,0.0312355,0.031264,0.0312301
2,2,4,1,2048,48,128,0.0332384,0.0308572,mlir,-0.002381,-7.72,0.0332523,0.033245,0.0331465,0.0332384,0.0332065,0.0308831,0.0308417,0.0308802,0.0306852,0.0308572
2,2,4,1,2048,48,192,0.0396787,0.0384284,mlir,-0.001250,-3.25,0.0396642,0.0396787,0.0396731,0.039684,0.0396888,0.0385365,0.0383551,0.0385216,0.0384284,0.0383963
2,2,4,1,2048,48,256,0.04114,0.0376866,mlir,-0.003453,-9.16,0.0411656,0.04114,0.0411172,0.041225,0.0410513,0.0378214,0.0374947,0.0377042,0.0376636,0.0376866
2,2,4,1,2048,64,32,0.0222487,0.0311319,ck,0.008883,28.53,0.0221874,0.022335,0.0222086,0.0223409,0.0222487,0.0311324,0.0309958,0.0311319,0.0310056,0.0311394
2,2,4,1,2048,64,48,0.0237606,0.0313107,ck,0.007550,24.11,0.0237606,0.023791,0.0237146,0.0237841,0.0236269,0.0313264,0.0309634,0.0313158,0.031111,0.0313107
2,2,4,1,2048,64,64,0.0246748,0.0311491,ck,0.006474,20.78,0.0246696,0.0247313,0.0246748,0.0247252,0.0246662,0.0311592,0.0309489,0.0311491,0.0309544,0.0311545
2,2,4,1,2048,64,80,0.0280661,0.0314113,ck,0.003345,10.65,0.0280549,0.0281677,0.0280635,0.0281689,0.0280661,0.0314349,0.0312762,0.0314285,0.0312925,0.0314113
2,2,4,1,2048,64,96,0.0288839,0.0312105,ck,0.002327,7.45,0.028904,0.028886,0.0288769,0.0288789,0.0288839,0.0312105,0.031231,0.0312036,0.0313564,0.0312086
2,2,4,1,2048,64,128,0.0300588,0.0311509,ck,0.001092,3.51,0.0301091,0.0300588,0.0299933,0.0300613,0.0299522,0.0311811,0.0309675,0.0311509,0.0309617,0.0311669
2,2,4,1,2048,64,192,0.04023,0.0380349,mlir,-0.002195,-5.77,0.04023,0.0403244,0.0402076,0.040329,0.0402049,0.0380349,0.037821,0.0380371,0.0378074,0.0380497
2,2,4,1,2048,64,256,0.0428447,0.0377717,mlir,-0.005073,-13.43,0.0428447,0.0429274,0.0428038,0.042828,0.0429381,0.0377717,0.0379289,0.0377653,0.0379453,0.0377717
2,2,4,1,2048,80,32,0.0277132,0.0329496,ck,0.005236,15.89,0.0277166,0.0276169,0.0277132,0.0276156,0.0277154,0.0328112,0.0329496,0.0328965,0.0329526,0.0329606
2,2,4,1,2048,80,48,0.0305614,0.0330477,ck,0.002486,7.52,0.0305543,0.0306303,0.030503,0.0305614,0.0306153,0.0330348,0.0329661,0.0331486,0.0330477,0.0331006
2,2,4,1,2048,80,64,0.0277253,0.033117,ck,0.005392,16.28,0.0276861,0.0277749,0.0277253,0.0277798,0.0277216,0.0331203,0.0329169,0.0332076,0.0329176,0.033117
2,2,4,1,2048,80,80,0.0334899,0.0330817,mlir,-0.000408,-1.23,0.0334736,0.0335587,0.0334899,0.0335391,0.0334783,0.0331024,0.0329267,0.0330953,0.0329206,0.0330817
2,2,4,1,2048,80,96,0.0352014,0.03301,mlir,-0.002191,-6.64,0.0352014,0.0352608,0.0351974,0.0352567,0.0351846,0.0330519,0.0329133,0.03301,0.0328819,0.0330245
2,2,4,1,2048,80,128,0.0316337,0.0333038,ck,0.001670,5.01,0.0316337,0.031713,0.0316308,0.0317033,0.0316289,0.0333038,0.033337,0.0332853,0.0333216,0.0332853
2,2,4,1,2048,80,192,0.0462256,0.0404547,mlir,-0.005771,-14.27,0.046215,0.0463264,0.0462256,0.0463247,0.0462222,0.0404547,0.0405654,0.0404471,0.0405964,0.0404505
2,2,4,1,2048,80,256,0.0453304,0.0391357,mlir,-0.006195,-15.83,0.0453466,0.0453452,0.0452795,0.0452892,0.0453304,0.0391357,0.0391274,0.0391704,0.039132,0.0391532
2,2,4,1,2048,96,32,0.0239542,0.0332447,ck,0.009291,27.95,0.023951,0.0239582,0.0239551,0.0239529,0.0239542,0.0332694,0.0332441,0.0332447,0.0332272,0.0332507
2,2,4,1,2048,96,48,0.0269954,0.0335469,ck,0.006551,19.53,0.0268871,0.0270872,0.0269954,0.0270271,0.0269522,0.0335491,0.0332782,0.0335469,0.0332808,0.0335502
2,2,4,1,2048,96,64,0.027467,0.0332948,ck,0.005828,17.50,0.027467,0.0275372,0.0273638,0.0275364,0.0274443,0.0333153,0.0331242,0.0332948,0.0330911,0.0332986
2,2,4,1,2048,96,80,0.0310166,0.0335346,ck,0.002518,7.51,0.0310166,0.031056,0.0310136,0.0310545,0.0309921,0.0335531,0.0333678,0.0335414,0.0332531,0.0335346
2,2,4,1,2048,96,96,0.0318503,0.0334804,ck,0.001630,4.87,0.031838,0.0319763,0.0318498,0.0319677,0.0318503,0.0334937,0.0333339,0.0334817,0.0333303,0.0334804
2,2,4,1,2048,96,128,0.0332393,0.0334986,ck,0.000259,0.77,0.0331764,0.0332544,0.0332393,0.0332625,0.033221,0.0335009,0.0336456,0.0334842,0.033422,0.0334986
2,2,4,1,2048,96,192,0.0432932,0.0404914,mlir,-0.002802,-6.92,0.04329,0.043368,0.0432877,0.0433646,0.0432932,0.0404914,0.0406459,0.0404897,0.040346,0.0404974
2,2,4,1,2048,96,256,0.0479685,0.0393704,mlir,-0.008598,-21.84,0.0479584,0.0480243,0.0479685,0.04785,0.0479796,0.039378,0.0390851,0.0393704,0.0388622,0.0393736
2,2,4,1,2048,128,32,0.0260572,0.0352498,ck,0.009193,26.08,0.0260121,0.0261842,0.0260572,0.0261845,0.0260188,0.0352498,0.0349694,0.0352598,0.0349188,0.0352536
2,2,4,1,2048,128,48,0.027416,0.0354805,ck,0.008064,22.73,0.027416,0.0275394,0.0273991,0.0275444,0.0273455,0.0354874,0.0353992,0.035515,0.0353783,0.0354805
2,2,4,1,2048,128,64,0.0275097,0.0349807,ck,0.007471,21.36,0.0275066,0.0275983,0.0275074,0.0276015,0.0275097,0.0350003,0.0347896,0.0350178,0.0347645,0.0349807
2,2,4,1,2048,128,80,0.0299253,0.0349016,ck,0.004976,14.26,0.0299253,0.0299903,0.0298848,0.0299139,0.0299742,0.0349016,0.0350194,0.0348346,0.0350052,0.0348823
2,2,4,1,2048,128,96,0.0323165,0.0353241,ck,0.003008,8.51,0.0323185,0.0322829,0.0323165,0.0322952,0.0323231,0.0354334,0.0353241,0.0354134,0.0353065,0.0352241
2,2,4,1,2048,128,128,0.0331435,0.0352628,ck,0.002119,6.01,0.0331435,0.0331138,0.0331489,0.0331143,0.03315,0.0350928,0.0352628,0.0353767,0.0352458,0.0353817
2,2,4,1,2048,128,192,0.0444748,0.0421721,mlir,-0.002303,-5.46,0.0444775,0.0443915,0.0444748,0.0442891,0.0444753,0.0421871,0.0421715,0.0421804,0.0421721,0.0421478
2,2,4,1,2048,128,256,0.0478558,0.0417549,mlir,-0.006101,-14.61,0.0478968,0.0478558,0.0478528,0.0477936,0.0478991,0.0417589,0.0417549,0.0417423,0.0417576,0.0417479
2,2,4,1,2048,192,32,0.0297092,0.0387104,ck,0.009001,23.25,0.0297005,0.0297092,0.02972,0.0297166,0.029599,0.0387346,0.0384816,0.0387251,0.0385918,0.0387104
2,2,4,1,2048,192,48,0.0317285,0.0389939,ck,0.007265,18.63,0.0317285,0.0317879,0.0317178,0.0317805,0.0317264,0.0390513,0.0390177,0.0389027,0.0389939,0.0389114
2,2,4,1,2048,192,64,0.0318565,0.0386475,ck,0.006791,17.57,0.0318613,0.0318004,0.0318565,0.0318077,0.0318617,0.0386406,0.0387597,0.0386475,0.0387554,0.0386407
2,2,4,1,2048,192,80,0.0370149,0.0390136,ck,0.001999,5.12,0.0370149,0.0370166,0.036964,0.037029,0.0369649,0.0390136,0.0389807,0.0390177,0.0387346,0.0390226
2,2,4,1,2048,192,96,0.0381464,0.0388697,ck,0.000723,1.86,0.0381464,0.038209,0.0380525,0.0382108,0.0381393,0.038876,0.0388486,0.0388697,0.0388273,0.0388822
2,2,4,1,2048,192,128,0.0388029,0.0393359,ck,0.000533,1.35,0.0387816,0.0388235,0.0388029,0.0388109,0.0387725,0.0393377,0.0392152,0.0393473,0.039143,0.0393359
2,2,4,1,2048,192,192,0.0474535,0.0459555,mlir,-0.001498,-3.26,0.0474535,0.0475152,0.0474213,0.0475432,0.0474226,0.0459771,0.045953,0.0459555,0.0459349,0.045963
2,2,4,1,2048,192,256,0.0507686,0.0451561,mlir,-0.005612,-12.43,0.0507686,0.0509023,0.0507563,0.0508881,0.0507636,0.0453326,0.0449632,0.0451651,0.0449592,0.0451561
2,2,4,1,2048,256,32,0.0338477,0.0438776,ck,0.010030,22.86,0.033846,0.0339983,0.0338477,0.0340021,0.0338392,0.0438909,0.0435988,0.0438936,0.043558,0.0438776
2,2,4,1,2048,256,48,0.0352776,0.0438706,ck,0.008593,19.59,0.0352311,0.0353745,0.035263,0.0353633,0.0352776,0.0438928,0.0436844,0.043887,0.0436778,0.0438706
2,2,4,1,2048,256,64,0.0359647,0.0438141,ck,0.007849,17.92,0.0359647,0.0360435,0.0359587,0.0360356,0.0359508,0.0438356,0.0436819,0.0438141,0.0436714,0.0438152
2,2,4,1,2048,256,80,0.0401653,0.0434551,ck,0.003290,7.57,0.0400922,0.0402512,0.0401653,0.0402696,0.0401429,0.0434731,0.0433561,0.0434663,0.0432507,0.0434551
2,2,4,1,2048,256,96,0.0420918,0.043789,ck,0.001697,3.88,0.0419932,0.0421661,0.0420918,0.0421718,0.0420836,0.0437914,0.043603,0.0437924,0.0436075,0.043789
2,2,4,1,2048,256,128,0.0419465,0.0435434,ck,0.001597,3.67,0.0419462,0.0419849,0.0419465,0.0419912,0.0419345,0.0435434,0.0435775,0.043527,0.0435705,0.0435364
2,2,4,1,2048,256,192,0.0541667,0.0511117,mlir,-0.003055,-5.98,0.0540748,0.0542476,0.0540485,0.0541667,0.0542684,0.0511117,0.0511398,0.0511045,0.0511567,0.0511038
2,2,4,1,2048,256,256,0.0569098,0.0499129,mlir,-0.006997,-14.02,0.0569115,0.0568354,0.0569304,0.0568478,0.0569098,0.0497332,0.050023,0.0497217,0.0500268,0.0499129
2,2,4,1,4096,32,32,0.0369182,0.0487737,ck,0.011856,24.31,0.0369182,0.0368676,0.0369265,0.0368719,0.0369317,0.0487737,0.0490038,0.0487723,0.0489702,0.0487683
2,2,4,1,4096,32,48,0.0434693,0.0487787,ck,0.005309,10.88,0.0434693,0.0433561,0.0434763,0.0433386,0.0434766,0.0487787,0.0491463,0.0487645,0.0491233,0.0487645
2,2,4,1,4096,32,64,0.0454483,0.0484704,ck,0.003022,6.23,0.0454483,0.0454365,0.0454489,0.045421,0.0454626,0.0484704,0.0485058,0.0483659,0.0484866,0.0483566
2,2,4,1,4096,32,80,0.0472554,0.0485951,ck,0.001340,2.76,0.0472554,0.0472696,0.0472447,0.0472721,0.0472331,0.0485951,0.048662,0.0485827,0.0486466,0.0484635
2,2,4,1,4096,32,96,0.0524273,0.0489339,mlir,-0.003493,-7.14,0.0524677,0.0523633,0.0524656,0.0523631,0.0524273,0.04874,0.0490171,0.0489339,0.0490238,0.0488815
2,2,4,1,4096,32,128,0.0492157,0.0493354,ck,0.000120,0.24,0.0492391,0.0492077,0.0492281,0.0492013,0.0492157,0.0493354,0.0492818,0.049496,0.0492688,0.0495094
2,2,4,1,4096,32,192,0.0726831,0.0617955,mlir,-0.010888,-17.62,0.0726831,0.0725451,0.0727111,0.0725578,0.0727205,0.0617955,0.0616652,0.061775,0.0618745,0.0618211
2,2,4,1,4096,32,256,0.0777374,0.0602542,mlir,-0.017483,-29.02,0.0777733,0.0776024,0.0777639,0.0776235,0.0777374,0.0602542,0.0605767,0.0602458,0.0605836,0.0602403
2,2,4,1,4096,48,32,0.038828,0.0540344,ck,0.015206,28.14,0.0388378,0.0387354,0.0388357,0.038728,0.038828,0.0538744,0.0542262,0.0538718,0.0542121,0.0540344
2,2,4,1,4096,48,48,0.0473336,0.0549125,ck,0.007579,13.80,0.0473466,0.0471837,0.0473336,0.0472143,0.0473414,0.0549125,0.05509,0.0548737,0.0550558,0.0548246
2,2,4,1,4096,48,64,0.0438992,0.0544205,ck,0.010521,19.33,0.0439193,0.0438327,0.0438992,0.0438892,0.0439386,0.0544624,0.054389,0.0544446,0.0544004,0.0544205
2,2,4,1,4096,48,80,0.0562744,0.0543539,mlir,-0.001921,-3.53,0.0562903,0.0562741,0.0562449,0.0562858,0.0562744,0.0543539,0.0543623,0.0543509,0.0543458,0.0543574
2,2,4,1,4096,48,96,0.053838,0.0543346,ck,0.000497,0.91,0.0538495,0.0538119,0.0538435,0.0538366,0.053838,0.054338,0.0543146,0.054319,0.0543346,0.0543399
2,2,4,1,4096,48,128,0.061154,0.0536057,mlir,-0.007548,-14.08,0.0611406,0.0611474,0.0611666,0.0611982,0.061154,0.0536416,0.0535207,0.0536057,0.0534877,0.0536151
2,2,4,1,4096,48,192,0.0735984,0.0680991,mlir,-0.005499,-8.08,0.0735984,0.0736463,0.0735859,0.0736541,0.0735898,0.0680991,0.0679877,0.0681202,0.0679695,0.0680999
2,2,4,1,4096,48,256,0.0768222,0.0667147,mlir,-0.010107,-15.15,0.0768091,0.0768489,0.0768222,0.0768556,0.0767697,0.0667147,0.0665838,0.0667246,0.0663961,0.0667384
2,2,4,1,4096,64,32,0.0398236,0.0540487,ck,0.014225,26.32,0.0397336,0.0398496,0.0398236,0.0398227,0.0398295,0.0540554,0.0540457,0.0540544,0.0538927,0.0540487
2,2,4,1,4096,64,48,0.0422733,0.0543106,ck,0.012037,22.16,0.0422733,0.0424125,0.042256,0.0424282,0.0422657,0.0543833,0.0540782,0.0543106,0.054062,0.0543301
2,2,4,1,4096,64,64,0.0444026,0.0540631,ck,0.009661,17.87,0.0444026,0.044425,0.0443522,0.0444101,0.0443567,0.0540895,0.0539419,0.0540671,0.0538907,0.0540631
2,2,4,1,4096,64,80,0.0509525,0.0546957,ck,0.003743,6.84,0.0508754,0.0509578,0.0509653,0.0509525,0.0508904,0.0546957,0.0546813,0.0546908,0.0546994,0.054696
2,2,4,1,4096,64,96,0.0526342,0.0542022,ck,0.001568,2.89,0.0526404,0.0526221,0.0526308,0.0526345,0.0526342,0.0541937,0.0542377,0.0542022,0.0542517,0.0541939
2,2,4,1,4096,64,128,0.0549948,0.0540799,mlir,-0.000915,-1.69,0.054988,0.0550635,0.0549682,0.0550658,0.0549948,0.0540799,0.0543073,0.0540484,0.0543227,0.0540758
2,2,4,1,4096,64,192,0.0748047,0.0672843,mlir,-0.007520,-11.18,0.0747897,0.0749186,0.0748047,0.0749678,0.074795,0.0672843,0.0670001,0.0672893,0.067272,0.0672997
2,2,4,1,4096,64,256,0.0803363,0.0670401,mlir,-0.013296,-19.83,0.0802562,0.0803363,0.0802149,0.0804224,0.0803408,0.0670814,0.0668652,0.0670816,0.0669013,0.0670401
2,2,4,1,4096,80,32,0.0500597,0.0576851,ck,0.007625,13.22,0.0500597,0.0501047,0.0500541,0.0501012,0.0500571,0.0576974,0.0575866,0.0576851,0.0575866,0.057693
2,2,4,1,4096,80,48,0.0559601,0.0580115,ck,0.002051,3.54,0.0559302,0.0560377,0.0559601,0.0560037,0.055946,0.0580355,0.0578678,0.0580115,0.0577279,0.0580189
2,2,4,1,4096,80,64,0.0504773,0.057994,ck,0.007517,12.96,0.0504658,0.0505468,0.0504419,0.050547,0.0504773,0.0580088,0.0577661,0.057994,0.0577592,0.0579965
2,2,4,1,4096,80,80,0.0613869,0.0580975,mlir,-0.003289,-5.66,0.0613821,0.0614298,0.0613558,0.0614549,0.0613869,0.0581076,0.0579708,0.0581078,0.057979,0.0580975
2,2,4,1,4096,80,96,0.0652377,0.0578917,mlir,-0.007346,-12.69,0.0652041,0.0652601,0.065237,0.0652377,0.0652466,0.0578901,0.05796,0.0578992,0.0577523,0.0578917
2,2,4,1,4096,80,128,0.0581192,0.0584764,ck,0.000357,0.61,0.0581192,0.0581805,0.058107,0.0581769,0.0580887,0.0584847,0.0582864,0.0584785,0.0582858,0.0584764
2,2,4,1,4096,80,192,0.0870645,0.0720854,mlir,-0.014979,-20.78,0.0869477,0.0871215,0.0869257,0.0871069,0.0870645,0.0720854,0.0720857,0.0720706,0.0720769,0.0721013
2,2,4,1,4096,80,256,0.084215,0.0691596,mlir,-0.015055,-21.77,0.0843295,0.0842022,0.0843237,0.084215,0.0841698,0.0689175,0.0694017,0.0691596,0.0694126,0.0690414
2,2,4,1,4096,96,32,0.0430606,0.0583133,ck,0.015253,26.16,0.0430606,0.0430469,0.0430571,0.0430621,0.0430607,0.0581668,0.0583441,0.0581852,0.0583424,0.0583133
2,2,4,1,4096,96,48,0.0489457,0.0588012,ck,0.009855,16.76,0.0489613,0.0488891,0.0489514,0.0489356,0.0489457,0.0588012,0.0588282,0.0587828,0.0588405,0.058772
2,2,4,1,4096,96,64,0.0501074,0.0583186,ck,0.008211,14.08,0.0501028,0.0501427,0.0500969,0.0501411,0.0501074,0.0583186,0.0583369,0.0581463,0.0583639,0.0582371
2,2,4,1,4096,96,80,0.0567987,0.0588983,ck,0.002100,3.56,0.0568075,0.0567711,0.0567987,0.056744,0.0568064,0.0588983,0.0590189,0.0588924,0.0590136,0.0588018
2,2,4,1,4096,96,96,0.0586981,0.0587609,ck,0.000063,0.11,0.0586981,0.0586376,0.0587075,0.0585514,0.0587101,0.0586131,0.0587522,0.0588419,0.0587609,0.0587899
2,2,4,1,4096,96,128,0.0614315,0.0589146,mlir,-0.002517,-4.27,0.0614797,0.0613449,0.0614477,0.0613953,0.0614315,0.0589691,0.0589242,0.0588042,0.0589146,0.0587783
2,2,4,1,4096,96,192,0.0812798,0.0721259,mlir,-0.009154,-12.69,0.081296,0.0812111,0.0812845,0.0812173,0.0812798,0.0721135,0.0722437,0.0721259,0.0722193,0.0721047
2,2,4,1,4096,96,256,0.0893235,0.069879,mlir,-0.019445,-27.83,0.0895005,0.0891882,0.0893235,0.0892249,0.089363,0.0698579,0.0700003,0.0698363,0.0699425,0.069879
2,2,4,1,4096,128,32,0.0472149,0.062198,ck,0.014983,24.09,0.0472185,0.0471695,0.0472149,0.0471779,0.0472166,0.062198,0.0623043,0.0621531,0.0623315,0.0620379
2,2,4,1,4096,128,48,0.0500239,0.0624598,ck,0.012436,19.91,0.0500346,0.0498185,0.0500239,0.0498322,0.0500461,0.0624209,0.0626941,0.0623968,0.0624598,0.0627122
2,2,4,1,4096,128,64,0.0501348,0.0617761,ck,0.011641,18.84,0.0501297,0.0502038,0.0501328,0.0502002,0.0501348,0.0617846,0.0616097,0.0617761,0.0617171,0.0617779
2,2,4,1,4096,128,80,0.0547243,0.0620051,ck,0.007281,11.74,0.0547071,0.0547422,0.0547243,0.054778,0.0546222,0.0620244,0.0618206,0.0620051,0.0618336,0.0620099
2,2,4,1,4096,128,96,0.0594394,0.0624969,ck,0.003057,4.89,0.0594177,0.0595291,0.0594371,0.0595226,0.0594394,0.0624969,0.0623629,0.0625126,0.0623588,0.0625084
2,2,4,1,4096,128,128,0.0611514,0.0622629,ck,0.001112,1.79,0.0611462,0.0612338,0.0611514,0.0612304,0.0611486,0.0624483,0.0622197,0.0623959,0.0621487,0.0622629
2,2,4,1,4096,128,192,0.0832386,0.075545,mlir,-0.007694,-10.18,0.0832476,0.0831791,0.0832386,0.0832341,0.0832567,0.075545,0.0755671,0.0753248,0.0755615,0.0753519
2,2,4,1,4096,128,256,0.0885847,0.0743537,mlir,-0.014231,-19.14,0.0884791,0.0884598,0.0887191,0.0885847,0.0887152,0.0743348,0.0747043,0.0743387,0.0746893,0.0743537
2,2,4,1,4096,192,32,0.0543174,0.0690588,ck,0.014741,21.35,0.0543401,0.05417,0.0543319,0.0541763,0.0543174,0.0690364,0.0692563,0.0690588,0.0692596,0.0690495
2,2,4,1,4096,192,48,0.0583919,0.0694576,ck,0.011066,15.93,0.0584055,0.0582438,0.0583979,0.0582091,0.0583919,0.0694576,0.0697939,0.0693996,0.0697778,0.0694278
2,2,4,1,4096,192,64,0.0586742,0.0691097,ck,0.010435,15.10,0.058657,0.0586742,0.0586587,0.0586755,0.0586749,0.0693084,0.0689942,0.0691097,0.069292,0.0690841
2,2,4,1,4096,192,80,0.0687606,0.06985,ck,0.001089,1.56,0.0687751,0.0686923,0.0687614,0.0686803,0.0687606,0.0697143,0.0699292,0.069736,0.0699278,0.06985
2,2,4,1,4096,192,96,0.0711027,0.0696063,mlir,-0.001496,-2.15,0.0711147,0.071137,0.0710996,0.0710722,0.0711027,0.0696095,0.0695958,0.0696063,0.0695952,0.0698006
2,2,4,1,4096,192,128,0.0724072,0.0704588,mlir,-0.001948,-2.77,0.0724072,0.0724216,0.0723975,0.0723251,0.0724263,0.0704588,0.0705963,0.0704035,0.0705916,0.0704045
2,2,4,1,4096,192,192,0.0893141,0.0831774,mlir,-0.006137,-7.38,0.0893333,0.0892577,0.0893141,0.0892403,0.0893163,0.0831297,0.0831774,0.0827589,0.0831791,0.0831898
2,2,4,1,4096,192,256,0.0961825,0.0814218,mlir,-0.014761,-18.13,0.0962014,0.0961023,0.0962424,0.0960928,0.0961825,0.0813795,0.0818376,0.0814087,0.0818578,0.0814218
2,2,4,1,4096,256,32,0.0626015,0.079401,ck,0.016799,21.16,0.0626267,0.0624861,0.0626171,0.0625032,0.0626015,0.079401,0.0795859,0.0793955,0.079572,0.0793818
2,2,4,1,4096,256,48,0.0657047,0.0793275,ck,0.013623,17.17,0.0657134,0.0656007,0.0657047,0.0655924,0.0657127,0.0793275,0.0794868,0.0793198,0.0794756,0.079171
2,2,4,1,4096,256,64,0.0670413,0.0793295,ck,0.012288,15.49,0.0670426,0.066902,0.0670413,0.0668651,0.0670421,0.0793295,0.0794723,0.0792368,0.0794948,0.0792151
2,2,4,1,4096,256,80,0.0752055,0.0787632,ck,0.003558,4.52,0.0751991,0.0751694,0.0752259,0.0752055,0.0752308,0.0787632,0.0788319,0.0787137,0.0788229,0.0787041
2,2,4,1,4096,256,96,0.0791194,0.0793321,ck,0.000213,0.27,0.079133,0.0791194,0.0791266,0.0791166,0.079117,0.0791896,0.0793385,0.0792138,0.0793321,0.0794079
2,2,4,1,4096,256,128,0.078872,0.0791029,ck,0.000231,0.29,0.0788893,0.0788428,0.0788879,0.078872,0.0788648,0.0791377,0.0789943,0.0791502,0.0790023,0.0791029
2,2,4,1,4096,256,192,0.102708,0.0934958,mlir,-0.009212,-9.85,0.102769,0.102694,0.102844,0.102708,0.102566,0.0935315,0.0934619,0.0934958,0.0934473,0.0935203
2,2,4,1,4096,256,256,0.110947,0.0964548,mlir,-0.014492,-15.02,0.11092,0.111438,0.110947,0.111258,0.110916,0.0964663,0.0962867,0.0965104,0.0953974,0.0964548
2,2,4,16,1024,32,32,0.0133469,0.0220629,ck,0.008716,39.51,0.0133206,0.0133544,0.013265,0.0133469,0.0133795,0.0217802,0.0223024,0.0222551,0.0220601,0.0220629
2,2,4,16,1024,32,48,0.0146999,0.0221231,ck,0.007423,33.55,0.0146994,0.0148534,0.0146999,0.014861,0.0146969,0.022083,0.022157,0.0221536,0.0220512,0.0221231
2,2,4,16,1024,32,64,0.0154437,0.0217857,ck,0.006342,29.11,0.0154437,0.0155292,0.0153544,0.0155264,0.0153608,0.0217983,0.0217738,0.0219704,0.021606,0.0217857
2,2,4,16,1024,32,80,0.0159873,0.0220377,ck,0.006050,27.45,0.015971,0.016026,0.0159689,0.0160248,0.0159873,0.0220377,0.0220048,0.0217794,0.0221702,0.0224744
2,2,4,16,1024,32,96,0.0172485,0.0220221,ck,0.004774,21.68,0.0171964,0.0172832,0.017209,0.0172795,0.0172485,0.0222336,0.0220111,0.0219122,0.0223154,0.0220221
2,2,4,16,1024,32,128,0.0166295,0.0219185,ck,0.005289,24.13,0.0166295,0.0166512,0.0165842,0.0166538,0.016586,0.0218262,0.0220125,0.0219185,0.0217813,0.0219382
2,2,4,16,1024,32,192,0.02286,0.022024,mlir,-0.000836,-3.80,0.0228937,0.022847,0.0228908,0.02286,0.0228501,0.0220062,0.0219759,0.0220298,0.0221356,0.022024
2,2,4,16,1024,32,256,0.0242458,0.0218062,mlir,-0.002440,-11.19,0.0242474,0.024183,0.0242458,0.024228,0.0242473,0.0215503,0.0218424,0.0218024,0.0220216,0.0218062
2,2,4,16,1024,48,32,0.0135982,0.0218278,ck,0.008230,37.70,0.0138681,0.0135605,0.013594,0.0138618,0.0135982,0.0212489,0.0218278,0.0218416,0.0218283,0.0217128
2,2,4,16,1024,48,48,0.0157252,0.0217314,ck,0.006006,27.64,0.0157252,0.0158428,0.0157164,0.0158487,0.0157183,0.0217665,0.0216859,0.0217314,0.0215834,0.021781
2,2,4,16,1024,48,64,0.014892,0.0216876,ck,0.006796,31.33,0.0148571,0.0149347,0.0148467,0.0149347,0.014892,0.0216876,0.0218905,0.0214994,0.0215384,0.0220152
2,2,4,16,1024,48,80,0.0180018,0.0216322,ck,0.003630,16.78,0.0180009,0.0180801,0.0180018,0.0180743,0.0179988,0.0213229,0.0217144,0.0215844,0.0216459,0.0216322
2,2,4,16,1024,48,96,0.0176223,0.0219617,ck,0.004339,19.76,0.0176184,0.0176687,0.0176223,0.017666,0.0176209,0.0220555,0.0219617,0.0219646,0.0216822,0.0216088
2,2,4,16,1024,48,128,0.0195117,0.02187,ck,0.002358,10.78,0.0195012,0.019557,0.0195117,0.0195614,0.01951,0.0218313,0.0220743,0.02187,0.0218163,0.0219994
2,2,4,16,1024,48,192,0.023677,0.0234848,mlir,-0.000192,-0.82,0.0236882,0.023677,0.0236674,0.023671,0.0237168,0.0234848,0.0235033,0.0234834,0.0235003,0.0234493
2,2,4,16,1024,48,256,0.0243724,0.0234261,mlir,-0.000946,-4.04,0.0243124,0.0243477,0.024373,0.0243824,0.0243724,0.0234748,0.0234678,0.023274,0.0234261,0.0234169
2,2,4,16,1024,64,32,0.0137946,0.0218311,ck,0.008036,36.81,0.0138304,0.0135028,0.0137976,0.0135056,0.0137946,0.0215523,0.0218347,0.0218311,0.0218923,0.0217971
2,2,4,16,1024,64,48,0.0146021,0.0217373,ck,0.007135,32.82,0.0146069,0.0145487,0.0146021,0.0145471,0.0146029,0.0218442,0.0215473,0.0219835,0.0217058,0.0217373
2,2,4,16,1024,64,64,0.015351,0.0217636,ck,0.006413,29.46,0.0152012,0.0153536,0.0151936,0.0153515,0.015351,0.0213711,0.0217636,0.0219062,0.0219031,0.021602
2,2,4,16,1024,64,80,0.0169436,0.0218597,ck,0.004916,22.49,0.0169256,0.0169692,0.0169436,0.0169801,0.0169153,0.0218597,0.0219648,0.0218456,0.021882,0.021828
2,2,4,16,1024,64,96,0.0173807,0.0219056,ck,0.004525,20.66,0.0173064,0.0174141,0.0173848,0.0173793,0.0173807,0.0218356,0.0219384,0.0218297,0.0221846,0.0219056
2,2,4,16,1024,64,128,0.0179895,0.0221171,ck,0.004128,18.66,0.0179726,0.0180559,0.0179895,0.0180538,0.0179579,0.021905,0.0221171,0.0222597,0.021828,0.0221215
2,2,4,16,1024,64,192,0.0234203,0.023639,ck,0.000219,0.93,0.023431,0.0233997,0.0234203,0.0233988,0.0234213,0.023639,0.0232873,0.0236411,0.0232876,0.0236416
2,2,4,16,1024,64,256,0.0244705,0.0231345,mlir,-0.001336,-5.77,0.0244098,0.0245356,0.0244705,0.0245338,0.0244658,0.0231378,0.0231921,0.0231294,0.0230022,0.0231345
2,2,4,16,1024,80,32,0.0162428,0.0218517,ck,0.005609,25.67,0.0162428,0.0165226,0.0162329,0.0165251,0.0161885,0.0218517,0.0219144,0.0215244,0.0217995,0.0218831
2,2,4,16,1024,80,48,0.0179447,0.0216626,ck,0.003718,17.16,0.0178919,0.0179829,0.0179447,0.0179845,0.017777,0.021664,0.0216626,0.0215621,0.0213864,0.0217691
2,2,4,16,1024,80,64,0.0165908,0.021672,ck,0.005081,23.45,0.0165908,0.0167405,0.0165577,0.0167498,0.0165583,0.0216635,0.0217874,0.0216177,0.0218135,0.021672
2,2,4,16,1024,80,80,0.0197645,0.0218011,ck,0.002037,9.34,0.0197342,0.0198233,0.0197524,0.0197645,0.0198301,0.0217662,0.0218011,0.0218047,0.0221357,0.0217838
2,2,4,16,1024,80,96,0.0206032,0.021804,ck,0.001201,5.51,0.0206673,0.0205932,0.0206345,0.0205966,0.0206032,0.0219124,0.0216583,0.0217689,0.0218445,0.021804
2,2,4,16,1024,80,128,0.0187077,0.0217344,ck,0.003027,13.93,0.0187223,0.0186974,0.0187046,0.0187138,0.0187077,0.0217344,0.0216534,0.0217015,0.0218,0.0219888
2,2,4,16,1024,80,192,0.0264287,0.0244284,mlir,-0.002000,-8.19,0.0264287,0.0264179,0.0264308,0.0264167,0.0264436,0.0244284,0.024271,0.0244643,0.024243,0.0244351
2,2,4,16,1024,80,256,0.0264834,0.0243032,mlir,-0.002180,-8.97,0.0264646,0.0265198,0.0264206,0.0265083,0.0264834,0.02444,0.024229,0.0243032,0.0242361,0.0243084
2,2,4,16,1024,96,32,0.0144276,0.0216408,ck,0.007213,33.33,0.0144276,0.0146241,0.014353,0.0146239,0.0143548,0.0216496,0.0216646,0.0216408,0.0216103,0.0214358
2,2,4,16,1024,96,48,0.0162797,0.0218005,ck,0.005521,25.32,0.0162797,0.0163015,0.0162819,0.0162388,0.0162508,0.0217341,0.0213409,0.0218407,0.0218005,0.0218138
2,2,4,16,1024,96,64,0.0183439,0.0218736,ck,0.003530,16.14,0.0183247,0.0183763,0.0182984,0.0183743,0.0183439,0.0218879,0.0217053,0.0218736,0.021799,0.0220186
2,2,4,16,1024,96,80,0.0183926,0.0218677,ck,0.003475,15.89,0.0184029,0.0183926,0.0183527,0.0183972,0.0183268,0.0218644,0.0220945,0.0218677,0.0219385,0.0216745
2,2,4,16,1024,96,96,0.0188826,0.021737,ck,0.002854,13.13,0.0188817,0.0188833,0.0188826,0.0188843,0.0188766,0.0218351,0.021737,0.0216952,0.021672,0.0220344
2,2,4,16,1024,96,128,0.0195211,0.0217559,ck,0.002235,10.27,0.0195137,0.0195644,0.0194921,0.0195643,0.0195211,0.0217361,0.021977,0.0217559,0.0219286,0.0217081
2,2,4,16,1024,96,192,0.025011,0.0244585,mlir,-0.000552,-2.26,0.025011,0.0249872,0.0250111,0.0249863,0.0250137,0.0245596,0.024388,0.0244585,0.0244236,0.0245245
2,2,4,16,1024,96,256,0.0279109,0.0241,mlir,-0.003811,-15.81,0.0279109,0.0279673,0.0278839,0.02796,0.0278744,0.0241031,0.0239363,0.0241,0.0239415,0.0241042
2,2,4,16,1024,128,32,0.0168544,0.0218614,ck,0.005007,22.90,0.0168499,0.0172086,0.0168485,0.0172096,0.0168544,0.0218031,0.0216508,0.0218802,0.0218614,0.0219236
2,2,4,16,1024,128,48,0.0164972,0.0219664,ck,0.005469,24.90,0.0164949,0.0165436,0.016494,0.0165456,0.0164972,0.0217211,0.0219417,0.0220554,0.0219664,0.0222198
2,2,4,16,1024,128,64,0.0164648,0.0216964,ck,0.005232,24.11,0.0164648,0.0165179,0.016317,0.0165233,0.0164139,0.0216964,0.0216451,0.021925,0.0216856,0.0217443
2,2,4,16,1024,128,80,0.0178077,0.021672,ck,0.003864,17.83,0.0178079,0.0178148,0.0178039,0.0178077,0.0178046,0.021672,0.0213922,0.0218708,0.0219297,0.0214883
2,2,4,16,1024,128,96,0.0190359,0.0217169,ck,0.002681,12.35,0.0190359,0.0190382,0.0190208,0.0190349,0.0190418,0.0217363,0.0216507,0.021766,0.0216128,0.0217169
2,2,4,16,1024,128,128,0.019622,0.0218123,ck,0.002190,10.04,0.019589,0.0196145,0.0196231,0.019622,0.0196229,0.0214858,0.0220348,0.0218518,0.0218123,0.0216706
2,2,4,16,1024,128,192,0.0256019,0.0254617,mlir,-0.000140,-0.55,0.0255792,0.0256229,0.0255787,0.0256218,0.0256019,0.0254627,0.0253182,0.0254645,0.0253264,0.0254617
2,2,4,16,1024,128,256,0.0282567,0.025081,mlir,-0.003176,-12.66,0.0282208,0.0282785,0.0282524,0.028287,0.0282567,0.025081,0.0251033,0.0250721,0.0251003,0.0250581
2,2,4,16,1024,192,32,0.0176661,0.0234172,ck,0.005751,24.56,0.0176768,0.0176661,0.0175328,0.0176635,0.0176707,0.023415,0.0234301,0.0234172,0.0234248,0.0234113
2,2,4,16,1024,192,48,0.0185394,0.023603,ck,0.005064,21.45,0.0185483,0.0183825,0.0185394,0.0182947,0.0185425,0.0234975,0.0236282,0.023478,0.023603,0.0236589
2,2,4,16,1024,192,64,0.0187054,0.0237106,ck,0.005005,21.11,0.0187084,0.0186217,0.0187084,0.0186931,0.0187054,0.0236871,0.0237067,0.0239272,0.0237106,0.0239241
2,2,4,16,1024,192,80,0.0214402,0.0238939,ck,0.002454,10.27,0.0213903,0.0214416,0.0213889,0.0214498,0.0214402,0.023894,0.0238274,0.0238939,0.0239427,0.0238753
2,2,4,16,1024,192,96,0.0219375,0.0236455,ck,0.001708,7.22,0.0219309,0.0219663,0.021939,0.0219259,0.0219375,0.0236455,0.0236659,0.0235322,0.0236384,0.0236472
2,2,4,16,1024,192,128,0.0227036,0.023832,ck,0.001128,4.73,0.0227048,0.02269,0.0227067,0.0226902,0.0227036,0.0238489,0.0237984,0.023832,0.0237735,0.0238357
2,2,4,16,1024,192,192,0.0269232,0.0278648,ck,0.000942,3.38,0.0269232,0.0268922,0.0269284,0.0268883,0.0269261,0.0278648,0.0274793,0.0278648,0.0274792,0.0278655
2,2,4,16,1024,192,256,0.028724,0.0271907,mlir,-0.001533,-5.64,0.028726,0.0286978,0.0287249,0.0287026,0.028724,0.0267498,0.0271907,0.0270148,0.0271908,0.027218
2,2,4,16,1024,256,32,0.0197318,0.0250508,ck,0.005319,21.23,0.0197318,0.0196148,0.0197351,0.0196095,0.0197357,0.0252079,0.0250593,0.0250508,0.0250426,0.0250077
2,2,4,16,1024,256,48,0.020508,0.0252999,ck,0.004792,18.94,0.0205806,0.020508,0.0203223,0.0205878,0.020311,0.0253017,0.0252458,0.0252999,0.0251006,0.0253131
2,2,4,16,1024,256,64,0.0208314,0.0255536,ck,0.004722,18.48,0.0208314,0.0209745,0.0208126,0.02097,0.0208047,0.0255816,0.0253719,0.0255686,0.0252136,0.0255536
2,2,4,16,1024,256,80,0.0230262,0.0255199,ck,0.002494,9.77,0.0230228,0.0230227,0.0230262,0.0230428,0.0230325,0.0255198,0.0255911,0.0255199,0.0256616,0.0255195
2,2,4,16,1024,256,96,0.0239724,0.0252966,ck,0.001324,5.23,0.0239689,0.0240023,0.0239823,0.0239724,0.0239375,0.0253188,0.0253125,0.0252924,0.0252966,0.0252807
2,2,4,16,1024,256,128,0.0241582,0.0256385,ck,0.001480,5.77,0.0241598,0.0241578,0.0241582,0.0241616,0.0241494,0.0256385,0.025364,0.0256456,0.0252207,0.0256477
2,2,4,16,1024,256,192,0.0303437,0.0295578,mlir,-0.000786,-2.66,0.0303437,0.0303741,0.0303,0.0303704,0.0303285,0.0295652,0.0296147,0.0295547,0.0292372,0.0295578
2,2,4,16,1024,256,256,0.0316931,0.0290887,mlir,-0.002604,-8.95,0.0316596,0.0317666,0.0316931,0.0317845,0.0316917,0.0291287,0.028921,0.0290934,0.0286316,0.0290887
2,2,4,16,2048,32,32,0.0212455,0.0278698,ck,0.006624,23.77,0.0212478,0.0212467,0.0212442,0.0210372,0.0212455,0.0278698,0.0280779,0.0277748,0.0280868,0.0277705
2,2,4,16,2048,32,48,0.0245319,0.0279214,ck,0.003390,12.14,0.0245339,0.0244908,0.0245319,0.0244785,0.0245585,0.0279128,0.0280194,0.0279209,0.028021,0.0279214
2,2,4,16,2048,32,64,0.0257522,0.0281624,ck,0.002410,8.56,0.0257551,0.0256498,0.0257522,0.0256554,0.025753,0.0281561,0.0282989,0.0281624,0.0282996,0.0279549
2,2,4,16,2048,32,80,0.0266859,0.0284021,ck,0.001716,6.04,0.0266896,0.0265974,0.0266859,0.0266249,0.0266875,0.0283989,0.0284133,0.0284021,0.0284105,0.0283859
2,2,4,16,2048,32,96,0.0289908,0.0280422,mlir,-0.000949,-3.38,0.0289908,0.0290151,0.0289858,0.0290113,0.0289855,0.0280422,0.028122,0.0279314,0.0281251,0.0278932
2,2,4,16,2048,32,128,0.02755,0.0284977,ck,0.000948,3.33,0.0275563,0.0275358,0.02755,0.0274726,0.0275531,0.0284325,0.0286658,0.0284228,0.0286491,0.0284977
2,2,4,16,2048,32,192,0.0394411,0.0350871,mlir,-0.004354,-12.41,0.0394409,0.0394711,0.03944,0.0394692,0.0394411,0.0351082,0.0350871,0.0351059,0.0350852,0.0349772
2,2,4,16,2048,32,256,0.0418111,0.034462,mlir,-0.007349,-21.33,0.0418111,0.0417895,0.0418228,0.0417654,0.0418183,0.0345803,0.0343404,0.034462,0.0343431,0.0344625
2,2,4,16,2048,48,32,0.0222947,0.0307569,ck,0.008462,27.51,0.0222947,0.0223717,0.0219534,0.0223688,0.0219509,0.0308125,0.0307204,0.0307699,0.0307569,0.0307338
2,2,4,16,2048,48,48,0.0263199,0.0309226,ck,0.004603,14.88,0.0262694,0.0263596,0.0263184,0.0263816,0.0263199,0.0309226,0.0306571,0.0309231,0.0307098,0.0309275
2,2,4,16,2048,48,64,0.0246661,0.0310266,ck,0.006361,20.50,0.0246514,0.0247431,0.0246626,0.0247586,0.0246661,0.0310267,0.0308069,0.0310266,0.0308065,0.0310304
2,2,4,16,2048,48,80,0.0306531,0.0312114,ck,0.000558,1.79,0.0306531,0.0307124,0.030647,0.0307123,0.0306448,0.0312114,0.0311399,0.0312195,0.0310265,0.0313011
2,2,4,16,2048,48,96,0.029876,0.0314248,ck,0.001549,4.93,0.0298572,0.0298788,0.0298566,0.029876,0.0298885,0.0314248,0.031225,0.0314874,0.031367,0.0314527
2,2,4,16,2048,48,128,0.033565,0.0316596,mlir,-0.001905,-6.02,0.0335904,0.033565,0.0335457,0.0335918,0.0335612,0.0316621,0.031577,0.0316596,0.0314629,0.0316684
2,2,4,16,2048,48,192,0.0408945,0.0383215,mlir,-0.002573,-6.71,0.0408976,0.0408881,0.0408588,0.0408945,0.0409029,0.0383181,0.0383337,0.0383215,0.0380305,0.0383231
2,2,4,16,2048,48,256,0.0428722,0.037848,mlir,-0.005024,-13.27,0.0428285,0.042907,0.0428722,0.0429012,0.0428338,0.0379151,0.037569,0.0379862,0.037848,0.0378352
2,2,4,16,2048,64,32,0.0222354,0.0306365,ck,0.008401,27.42,0.0221991,0.0222354,0.0224932,0.0221618,0.0224763,0.0306305,0.0306365,0.0306375,0.0304541,0.0306411
2,2,4,16,2048,64,48,0.0239251,0.0305887,ck,0.006664,21.78,0.0238294,0.0239684,0.0239228,0.0239455,0.0239251,0.0306453,0.030527,0.0307267,0.0304175,0.0305887
2,2,4,16,2048,64,64,0.0248748,0.0310511,ck,0.006176,19.89,0.0248748,0.0249254,0.0248737,0.0249249,0.0248731,0.03106,0.030868,0.0310511,0.0308675,0.0310546
2,2,4,16,2048,64,80,0.0283194,0.0306366,ck,0.002317,7.56,0.0283029,0.0283856,0.0283035,0.0283194,0.0283885,0.0306348,0.0308276,0.0306322,0.0308259,0.0306366
2,2,4,16,2048,64,96,0.0293311,0.0307102,ck,0.001379,4.49,0.0293322,0.0293299,0.0293311,0.0293697,0.0293245,0.030787,0.0307102,0.0307894,0.0307062,0.0306062
2,2,4,16,2048,64,128,0.0305482,0.031227,ck,0.000679,2.17,0.0305482,0.030524,0.0305498,0.03054,0.0305499,0.0308505,0.0312241,0.0312726,0.031227,0.0312792
2,2,4,16,2048,64,192,0.040836,0.0383313,mlir,-0.002505,-6.53,0.040836,0.0408136,0.0408486,0.040819,0.0408367,0.0383415,0.0379579,0.0383386,0.0379148,0.0383313
2,2,4,16,2048,64,256,0.0436382,0.0373181,mlir,-0.006320,-16.94,0.0436382,0.0435966,0.0436743,0.0436193,0.0436585,0.0373126,0.0373421,0.0373228,0.0370367,0.0373181
2,2,4,16,2048,80,32,0.0276156,0.0324709,ck,0.004855,14.95,0.0275752,0.0279529,0.0276156,0.0279635,0.0276143,0.0324709,0.0323602,0.0324807,0.0323565,0.032495
2,2,4,16,2048,80,48,0.0305009,0.0328592,ck,0.002358,7.18,0.0304873,0.0306993,0.0304683,0.030703,0.0305009,0.0328602,0.0328525,0.0328567,0.0328988,0.0328592
2,2,4,16,2048,80,64,0.0279705,0.0328581,ck,0.004888,14.87,0.0278236,0.0280463,0.0278206,0.0279705,0.0280233,0.0326421,0.0330352,0.0326481,0.0330316,0.0328581
2,2,4,16,2048,80,80,0.0336043,0.0332751,mlir,-0.000329,-0.99,0.0336043,0.0336034,0.0336244,0.0335958,0.0336304,0.0332751,0.033434,0.0332716,0.0334368,0.0332348
2,2,4,16,2048,80,96,0.0357432,0.03298,mlir,-0.002763,-8.38,0.0357342,0.0357771,0.0357479,0.0357362,0.0357432,0.0329679,0.0328153,0.03298,0.0459131,0.0440549
2,2,4,16,2048,80,128,0.0321769,0.0335545,ck,0.001378,4.11,0.0321769,0.0322045,0.0321455,0.0321988,0.0321442,0.0335701,0.033488,0.0335566,0.0334835,0.0335545
2,2,4,16,2048,80,192,0.0467579,0.0400907,mlir,-0.006667,-16.63,0.0467519,0.0467639,0.0467579,0.0467801,0.0467373,0.0401058,0.0400838,0.0400907,0.04009,0.040091
2,2,4,16,2048,80,256,0.0461956,0.0397997,mlir,-0.006396,-16.07,0.0461217,0.0462078,0.0461476,0.0462124,0.0461956,0.0397997,0.0398114,0.039788,0.0398159,0.0397932
2,2,4,16,2048,96,32,0.0243782,0.032401,ck,0.008023,24.76,0.024224,0.0244328,0.0243735,0.0244273,0.0243782,0.0324252,0.0322427,0.0324076,0.0322335,0.032401
2,2,4,16,2048,96,48,0.0272297,0.0325652,ck,0.005336,16.38,0.0272297,0.0272649,0.027228,0.0272715,0.0272224,0.0325652,0.0323288,0.0326302,0.0325311,0.0326126
2,2,4,16,2048,96,64,0.0276283,0.032542,ck,0.004914,15.10,0.027619,0.0277333,0.0276283,0.027744,0.0276122,0.0327166,0.032471,0.032712,0.032542,0.0323616
2,2,4,16,2048,96,80,0.0311775,0.0328904,ck,0.001713,5.21,0.0311485,0.0311861,0.0311775,0.0311411,0.0311876,0.032802,0.0328904,0.0331363,0.0328106,0.0331278
2,2,4,16,2048,96,96,0.0320794,0.0327139,ck,0.000634,1.94,0.032042,0.0320804,0.0320394,0.0320794,0.0321253,0.0327226,0.0324335,0.0327165,0.0325906,0.0327139
2,2,4,16,2048,96,128,0.0335161,0.0334752,mlir,-0.000041,-0.12,0.0335072,0.0335299,0.0334896,0.0335161,0.0335202,0.0334765,0.0332533,0.0334752,0.0334779,0.0334689
2,2,4,16,2048,96,192,0.0441394,0.0400673,mlir,-0.004072,-10.16,0.0441394,0.0441363,0.044169,0.0441213,0.0441943,0.0400797,0.0399284,0.0400684,0.0399339,0.0400673
2,2,4,16,2048,96,256,0.049096,0.0392649,mlir,-0.009831,-25.04,0.0491052,0.0489662,0.0491043,0.0490798,0.049096,0.0392711,0.0392649,0.0392473,0.039276,0.0392631
2,2,4,16,2048,128,32,0.0263317,0.0341592,ck,0.007828,22.91,0.0262557,0.0265544,0.0263317,0.0263291,0.0265506,0.0341592,0.0341486,0.0341626,0.0341492,0.0341674
2,2,4,16,2048,128,48,0.0278392,0.0343098,ck,0.006471,18.86,0.0278392,0.0277975,0.0278499,0.0277982,0.027842,0.0343098,0.0343721,0.0343059,0.0344921,0.0342956
2,2,4,16,2048,128,64,0.0279557,0.0346418,ck,0.006686,19.30,0.0280179,0.0278815,0.0279557,0.0280147,0.0279502,0.0346595,0.0345271,0.0346418,0.034132,0.034643
2,2,4,16,2048,128,80,0.0302692,0.0347215,ck,0.004452,12.82,0.0302921,0.0302602,0.0302969,0.0302692,0.0302355,0.0347262,0.03466,0.0347215,0.0345242,0.0347215
2,2,4,16,2048,128,96,0.0326287,0.0344079,ck,0.001779,5.17,0.0326376,0.0326287,0.0326036,0.0326353,0.0325987,0.0344122,0.0343332,0.0344267,0.0343584,0.0344079
2,2,4,16,2048,128,128,0.0336516,0.0350162,ck,0.001365,3.90,0.0336192,0.0336595,0.0336428,0.0336732,0.0336516,0.0350175,0.0345955,0.0350162,0.034597,0.0350183
2,2,4,16,2048,128,192,0.0448448,0.0419627,mlir,-0.002882,-6.87,0.0448707,0.0447796,0.0448448,0.0447819,0.044861,0.0419628,0.0415771,0.0419627,0.0415762,0.0419651
2,2,4,16,2048,128,256,0.0483813,0.0411043,mlir,-0.007277,-17.70,0.0483837,0.0483813,0.0483805,0.0483679,0.0484017,0.0411043,0.0406432,0.0411043,0.0408982,0.0411184
2,2,4,16,2048,192,32,0.0298477,0.0390337,ck,0.009186,23.53,0.0298573,0.0298423,0.0298562,0.0298477,0.029809,0.039036,0.0390327,0.0390341,0.0390253,0.0390337
2,2,4,16,2048,192,48,0.0316938,0.0390254,ck,0.007332,18.79,0.0315353,0.0316916,0.0317309,0.0316938,0.0317282,0.0390254,0.0390336,0.0390177,0.0390368,0.0390205
2,2,4,16,2048,192,64,0.0318331,0.0394829,ck,0.007650,19.37,0.0318331,0.0319758,0.0318195,0.031983,0.0318154,0.0395053,0.0389454,0.0395024,0.0389294,0.0394829
2,2,4,16,2048,192,80,0.0373618,0.0394415,ck,0.002080,5.27,0.0373668,0.0373463,0.0373648,0.0373505,0.0373618,0.0394415,0.0392996,0.0394441,0.0393747,0.0394489
2,2,4,16,2048,192,96,0.0380416,0.0390623,ck,0.001021,2.61,0.0380326,0.0380376,0.0380634,0.0380416,0.0380743,0.0390623,0.0390598,0.0390678,0.0390671,0.0390508
2,2,4,16,2048,192,128,0.039402,0.0393261,mlir,-0.000076,-0.19,0.0394078,0.0393808,0.0394024,0.0393849,0.039402,0.0393364,0.0392844,0.0393261,0.0392749,0.0393271
2,2,4,16,2048,192,192,0.0478736,0.0466736,mlir,-0.001200,-2.57,0.0478667,0.0478877,0.0478604,0.0478736,0.0479115,0.0463681,0.0467804,0.0463727,0.0467633,0.0466736
2,2,4,16,2048,192,256,0.0514646,0.045294,mlir,-0.006171,-13.62,0.0514646,0.0515025,0.0514461,0.0514908,0.0514383,0.0448278,0.0453005,0.0448121,0.045294,0.0453036
2,2,4,16,2048,256,32,0.03439,0.0421883,ck,0.007798,18.48,0.0344006,0.0343896,0.0343976,0.0342852,0.03439,0.0421903,0.0421879,0.0421883,0.0421813,0.0421883
2,2,4,16,2048,256,48,0.0356537,0.0424727,ck,0.006819,16.06,0.0356893,0.0355384,0.0356949,0.035517,0.0356537,0.0423909,0.0426364,0.0424714,0.0426367,0.0424727
2,2,4,16,2048,256,64,0.0364062,0.0425548,ck,0.006149,14.45,0.0364062,0.0363659,0.03641,0.0363687,0.0364131,0.0425233,0.0427366,0.0425168,0.0427294,0.0425548
2,2,4,16,2048,256,80,0.0404494,0.0425619,ck,0.002112,4.96,0.0404719,0.0404169,0.0404727,0.0404494,0.0404372,0.0425448,0.0426461,0.0425619,0.0426159,0.0425579
2,2,4,16,2048,256,96,0.0425491,0.0425592,ck,0.000010,0.02,0.0425406,0.0425678,0.0425491,0.042585,0.0425172,0.0425623,0.0425803,0.0425592,0.0425587,0.0425487
2,2,4,16,2048,256,128,0.042553,0.0426506,ck,0.000098,0.23,0.042553,0.042526,0.0425545,0.042533,0.0425679,0.0426506,0.0429561,0.0426488,0.0429342,0.0425304
2,2,4,16,2048,256,192,0.0548602,0.0498146,mlir,-0.005046,-10.13,0.0548602,0.0548296,0.054869,0.0548405,0.0548646,0.0498146,0.0501606,0.0498143,0.0501642,0.0497708
2,2,4,16,2048,256,256,0.0574018,0.0491619,mlir,-0.008240,-16.76,0.0574074,0.0573402,0.0574018,0.0572983,0.0574073,0.0491896,0.0491698,0.048723,0.0491619,0.0487047
2,2,4,16,4096,32,32,0.0371455,0.0479963,ck,0.010851,22.61,0.0371497,0.0368908,0.0371455,0.0369004,0.0371612,0.0479807,0.0481918,0.0479724,0.0482097,0.0479963
2,2,4,16,4096,32,48,0.0437968,0.0477534,ck,0.003957,8.29,0.0437968,0.0437437,0.0438018,0.043758,0.0438058,0.0477534,0.047913,0.0477265,0.0479182,0.047728
2,2,4,16,4096,32,64,0.045652,0.0482493,ck,0.002597,5.38,0.045652,0.0455229,0.0456683,0.0456073,0.0456633,0.0482187,0.0483741,0.0481247,0.0483606,0.0482493
2,2,4,16,4096,32,80,0.0474824,0.0480279,ck,0.000545,1.14,0.0474824,0.0475166,0.0474721,0.0474854,0.0474815,0.0480279,0.048024,0.0482057,0.0480213,0.0481899
2,2,4,16,4096,32,96,0.0528652,0.0480481,mlir,-0.004817,-10.03,0.0528585,0.0529342,0.0528529,0.0529326,0.0528652,0.0477567,0.0480522,0.0477759,0.0480495,0.0480481
2,2,4,16,4096,32,128,0.049793,0.0490929,mlir,-0.000700,-1.43,0.0497983,0.0497905,0.0498036,0.04978,0.049793,0.0490756,0.0491595,0.0490929,0.0491498,0.0489098
2,2,4,16,4096,32,192,0.0730374,0.0614338,mlir,-0.011604,-18.89,0.0730234,0.0730572,0.0730374,0.0730632,0.0730315,0.0613702,0.0614303,0.061441,0.0614346,0.0614338
2,2,4,16,4096,32,256,0.0782363,0.059993,mlir,-0.018243,-30.41,0.0783296,0.078122,0.0783194,0.0781841,0.0782363,0.059993,0.0601044,0.0599738,0.0601007,0.0599766
2,2,4,16,4096,48,32,0.0393609,0.0536755,ck,0.014315,26.67,0.0393609,0.0390753,0.0394117,0.0390598,0.039416,0.0533946,0.0536686,0.05393,0.0536755,0.0537512
2,2,4,16,4096,48,48,0.047409,0.0534935,ck,0.006084,11.37,0.0474399,0.047356,0.0474459,0.0473837,0.047409,0.0534902,0.0536275,0.0534935,0.0536197,0.053362
2,2,4,16,4096,48,64,0.0444571,0.0537163,ck,0.009259,17.24,0.0444571,0.044419,0.0445102,0.0442531,0.0444803,0.0534979,0.0537788,0.0532939,0.0537758,0.0537163
2,2,4,16,4096,48,80,0.0559743,0.0541118,mlir,-0.001862,-3.44,0.0559761,0.0559514,0.0559743,0.0558855,0.0559751,0.0541243,0.0540456,0.0541216,0.0540427,0.0541118
2,2,4,16,4096,48,96,0.0544908,0.0546727,ck,0.000182,0.33,0.0544824,0.0544652,0.0544948,0.0544993,0.0544908,0.054702,0.0546859,0.0546703,0.0546665,0.0546727
2,2,4,16,4096,48,128,0.0617674,0.0549551,mlir,-0.006812,-12.40,0.0618489,0.0617455,0.0617674,0.0618513,0.0617647,0.0549802,0.0546431,0.054966,0.0547803,0.0549551
2,2,4,16,4096,48,192,0.0759387,0.067723,mlir,-0.008216,-12.13,0.0759442,0.0759039,0.0759449,0.075876,0.0759387,0.0677451,0.0673876,0.0677427,0.067723,0.0677062
2,2,4,16,4096,48,256,0.0792345,0.066938,mlir,-0.012297,-18.37,0.0792636,0.0792345,0.0791843,0.0793027,0.0792152,0.066938,0.0670014,0.0669726,0.0665896,0.066923
2,2,4,16,4096,64,32,0.0401252,0.0533508,ck,0.013226,24.79,0.0398879,0.0402257,0.0401252,0.0402282,0.0400716,0.0533715,0.0532112,0.0533554,0.0531757,0.0533508
2,2,4,16,4096,64,48,0.0425369,0.0532585,ck,0.010722,20.13,0.0425275,0.0426479,0.0425369,0.0426519,0.0425331,0.053259,0.0532471,0.0532585,0.0532333,0.0532647
2,2,4,16,4096,64,64,0.0447176,0.0536346,ck,0.008917,16.63,0.0447176,0.0447635,0.0447119,0.044714,0.0447744,0.0535621,0.0537757,0.0532255,0.0537826,0.0536346
2,2,4,16,4096,64,80,0.0511945,0.0533899,ck,0.002195,4.11,0.0512094,0.0511476,0.0512065,0.0511221,0.0511945,0.0533899,0.0534495,0.0533843,0.0534472,0.0533026
2,2,4,16,4096,64,96,0.0528889,0.053268,ck,0.000379,0.71,0.0528934,0.0528938,0.0528607,0.0528889,0.052854,0.053288,0.0531809,0.053268,0.0531422,0.0532848
2,2,4,16,4096,64,128,0.0555195,0.0542288,mlir,-0.001291,-2.38,0.0555292,0.0555195,0.055509,0.0555301,0.0555107,0.0542288,0.0541831,0.0542319,0.0538017,0.0542585
2,2,4,16,4096,64,192,0.0752689,0.0678068,mlir,-0.007462,-11.00,0.0753214,0.075214,0.0752689,0.0752315,0.075319,0.0678068,0.0677902,0.0678164,0.0674598,0.0678085
2,2,4,16,4096,64,256,0.0810337,0.0656213,mlir,-0.015412,-23.49,0.0811066,0.0809725,0.0810337,0.0809415,0.0811471,0.0656706,0.0654135,0.0656213,0.06522,0.0656406
2,2,4,16,4096,80,32,0.0504605,0.0569509,ck,0.006490,11.40,0.0504335,0.0505844,0.0504501,0.0505782,0.0504605,0.0569509,0.0569647,0.0569324,0.05695,0.0569598
2,2,4,16,4096,80,48,0.0560185,0.0576085,ck,0.001590,2.76,0.0560538,0.0558633,0.0560185,0.0558773,0.0560337,0.0576133,0.0575996,0.0576085,0.0575886,0.0576101
2,2,4,16,4096,80,64,0.0509903,0.0577424,ck,0.006752,11.69,0.0509841,0.0509991,0.0509725,0.051037,0.0509903,0.0577462,0.0577424,0.0577306,0.0577473,0.0574715
2,2,4,16,4096,80,80,0.0614036,0.0576179,mlir,-0.003786,-6.57,0.0614132,0.0614654,0.0614036,0.0614007,0.0614001,0.0576179,0.0574453,0.0576281,0.0574357,0.0576326
2,2,4,16,4096,80,96,0.0657491,0.0576781,mlir,-0.008071,-13.99,0.0657768,0.0657491,0.0657114,0.0657438,0.0657751,0.0577168,0.057603,0.0576781,0.057673,0.0576982
2,2,4,16,4096,80,128,0.0585788,0.0587988,ck,0.000220,0.37,0.0585788,0.0585924,0.05854,0.0585787,0.058611,0.0587988,0.0585058,0.058814,0.0587661,0.0588258
2,2,4,16,4096,80,192,0.0874788,0.0712646,mlir,-0.016214,-22.75,0.0874562,0.0874788,0.0874211,0.0874884,0.0875253,0.0712646,0.0711083,0.0712689,0.0712958,0.0712506
2,2,4,16,4096,80,256,0.0851983,0.070608,mlir,-0.014590,-20.66,0.0851419,0.0853035,0.0851983,0.0852387,0.0851645,0.070608,0.070283,0.0706456,0.0705971,0.0706351
2,2,4,16,4096,96,32,0.0432699,0.056748,ck,0.013478,23.75,0.0432769,0.0429228,0.0432699,0.0430681,0.043282,0.056748,0.0568309,0.0567449,0.0568294,0.0567412
2,2,4,16,4096,96,48,0.0491668,0.0570647,ck,0.007898,13.84,0.0491703,0.0490936,0.0491668,0.0491168,0.0491793,0.0571404,0.0570647,0.0571124,0.057027,0.056948
2,2,4,16,4096,96,64,0.0502392,0.0571402,ck,0.006901,12.08,0.0502392,0.0501967,0.0502595,0.0501985,0.0502635,0.0569872,0.0572215,0.0571402,0.0572211,0.0569751
2,2,4,16,4096,96,80,0.0567611,0.0567277,mlir,-0.000033,-0.06,0.0567914,0.0567611,0.056739,0.0567502,0.0567979,0.0567269,0.0569241,0.0567277,0.0569126,0.0567111
2,2,4,16,4096,96,96,0.0589009,0.0569491,mlir,-0.001952,-3.43,0.0589021,0.0588955,0.0589047,0.0589009,0.0588907,0.0569491,0.0571938,0.0569413,0.0571678,0.0568855
2,2,4,16,4096,96,128,0.0613172,0.0585821,mlir,-0.002735,-4.67,0.0613172,0.0613384,0.0612964,0.0613279,0.0613137,0.0584597,0.0586822,0.0584438,0.0586697,0.0585821
2,2,4,16,4096,96,192,0.0826203,0.0713324,mlir,-0.011288,-15.82,0.0826203,0.0826066,0.0825755,0.0826208,0.0826312,0.0713238,0.0713324,0.0713345,0.0713476,0.071308
2,2,4,16,4096,96,256,0.0906655,0.0695472,mlir,-0.021118,-30.37,0.0907748,0.0905359,0.0906655,0.0907034,0.0904415,0.0694915,0.0697279,0.0695472,0.0697208,0.0694809
2,2,4,16,4096,128,32,0.047468,0.0603811,ck,0.012913,21.39,0.0474897,0.0472152,0.0474672,0.047468,0.0474716,0.060333,0.0603816,0.0603361,0.0603811,0.0604161
2,2,4,16,4096,128,48,0.0501745,0.0606873,ck,0.010513,17.32,0.0501849,0.0499984,0.0501745,0.0500068,0.0501807,0.0607916,0.0606745,0.0607097,0.0606652,0.0606873
2,2,4,16,4096,128,64,0.0503774,0.0609794,ck,0.010602,17.39,0.0503713,0.0504864,0.0503774,0.0504708,0.0503617,0.0609794,0.0609872,0.060976,0.060583,0.0609994
2,2,4,16,4096,128,80,0.0549691,0.0605244,ck,0.005555,9.18,0.0549691,0.0549706,0.054978,0.0549598,0.0549646,0.0605244,0.0603778,0.0605273,0.0604457,0.0605808
2,2,4,16,4096,128,96,0.0599295,0.0607233,ck,0.000794,1.31,0.0599571,0.0599247,0.059903,0.0599295,0.0599599,0.0607532,0.0606211,0.0607233,0.0606665,0.0607811
2,2,4,16,4096,128,128,0.0616088,0.0617272,ck,0.000118,0.19,0.0616231,0.0616088,0.0615905,0.061594,0.0616184,0.0617345,0.0612951,0.0617379,0.061307,0.0617272
2,2,4,16,4096,128,192,0.0838671,0.0750092,mlir,-0.008858,-11.81,0.0838579,0.0838766,0.0838011,0.0838671,0.0838906,0.0750635,0.0750092,0.0750073,0.0750135,0.0749348
2,2,4,16,4096,128,256,0.0890509,0.0733045,mlir,-0.015746,-21.48,0.0891413,0.0889966,0.0890073,0.089195,0.0890509,0.0728937,0.0733045,0.0728868,0.073305,0.0733896
2,2,4,16,4096,192,32,0.0550632,0.0702226,ck,0.015159,21.59,0.0550924,0.0546824,0.0550976,0.0550301,0.0550632,0.0702321,0.0702226,0.0702383,0.0702032,0.0702151
2,2,4,16,4096,192,48,0.0580639,0.0699485,ck,0.011885,16.99,0.0580639,0.0578189,0.0580822,0.0579697,0.0580799,0.0699485,0.0699952,0.0699347,0.0700081,0.0698964
2,2,4,16,4096,192,64,0.0587063,0.0704335,ck,0.011727,16.65,0.0587158,0.0585789,0.0587088,0.0585753,0.0587063,0.0704178,0.0706432,0.0704092,0.0706407,0.0704335
2,2,4,16,4096,192,80,0.0690522,0.0701566,ck,0.001104,1.57,0.0690883,0.069003,0.0690331,0.0690723,0.0690522,0.0699974,0.0701603,0.07002,0.0701566,0.0703679
2,2,4,16,4096,192,96,0.0705692,0.0699827,mlir,-0.000587,-0.84,0.0705543,0.0705561,0.0705715,0.0705717,0.0705692,0.0699827,0.0699553,0.0700042,0.0699914,0.0699621
2,2,4,16,4096,192,128,0.0731988,0.0702758,mlir,-0.002923,-4.16,0.0731968,0.0731811,0.0731988,0.0732431,0.0732148,0.0702758,0.0702854,0.070043,0.0702784,0.0700487
2,2,4,16,4096,192,192,0.0895878,0.0844484,mlir,-0.005139,-6.09,0.0895906,0.0895935,0.0895849,0.0895878,0.0895681,0.0844375,0.0845357,0.0844308,0.0845429,0.0844484
2,2,4,16,4096,192,256,0.0970815,0.0812764,mlir,-0.015805,-19.45,0.0971445,0.0970186,0.0970847,0.0967249,0.0970815,0.0810641,0.0815205,0.0812764,0.0815217,0.0812332
2,2,4,16,4096,256,32,0.062877,0.0763503,ck,0.013473,17.65,0.0628867,0.0625991,0.062877,0.0626025,0.062883,0.07633,0.0764433,0.0763317,0.0764491,0.0763503
2,2,4,16,4096,256,48,0.0658877,0.0769347,ck,0.011047,14.36,0.0658964,0.0657387,0.0658877,0.0657495,0.0659086,0.0769347,0.076953,0.0767209,0.0769367,0.0767184
2,2,4,16,4096,256,64,0.067426,0.076899,ck,0.009473,12.32,0.067426,0.067387,0.0674233,0.0674658,0.067426,0.076899,0.0770794,0.0768042,0.0771014,0.0764985
2,2,4,16,4096,256,80,0.075422,0.0766481,ck,0.001226,1.60,0.0754275,0.0753941,0.075422,0.075436,0.0754134,0.0766494,0.0765222,0.076556,0.0766481,0.0766954
2,2,4,16,4096,256,96,0.0792575,0.0769534,mlir,-0.002304,-2.99,0.0792518,0.079281,0.0792575,0.0792771,0.0792562,0.0769255,0.0769559,0.0769255,0.0769534,0.0769795
2,2,4,16,4096,256,128,0.0794099,0.0772737,mlir,-0.002136,-2.76,0.0794114,0.0794064,0.0794246,0.0794099,0.0794088,0.0772737,0.0775314,0.0772674,0.0775285,0.077247
2,2,4,16,4096,256,192,0.103176,0.091207,mlir,-0.011969,-13.12,0.103176,0.103111,0.103109,0.103202,0.10318,0.091207,0.0913534,0.0911753,0.0913345,0.0911858
2,2,4,16,4096,256,256,0.120727,0.104961,mlir,-0.015766,-15.02,0.120881,0.120054,0.12078,0.120153,0.120727,0.104702,0.10897,0.104722,0.109053,0.104961
2,2,4,32,1024,32,32,0.0132535,0.0220528,ck,0.008799,39.90,0.0131665,0.0132535,0.0134236,0.0132049,0.0133205,0.0220528,0.0220363,0.0254126,0.0219385,0.0377226
2,2,4,32,1024,32,48,0.0151602,0.0222483,ck,0.007088,31.86,0.0162722,0.0151172,0.0151602,0.0151194,0.0152542,0.0250102,0.0222483,0.0221668,0.0220151,0.0222625
2,2,4,32,1024,32,64,0.0153742,0.0223231,ck,0.006949,31.13,0.0153742,0.0153451,0.0153793,0.0153479,0.0154336,0.0225215,0.0223231,0.0230049,0.0220389,0.0223061
2,2,4,32,1024,32,80,0.016057,0.0220837,ck,0.006027,27.29,0.0160669,0.016057,0.0160549,0.0160324,0.0160583,0.0220202,0.0220837,0.0222548,0.0221915,0.0220746
2,2,4,32,1024,32,96,0.01855,0.0222698,ck,0.003720,16.70,0.0185454,0.0186661,0.01855,0.0185798,0.0185434,0.0222973,0.0222115,0.0222698,0.0220592,0.0224025
2,2,4,32,1024,32,128,0.0170551,0.0218513,ck,0.004796,21.95,0.0170551,0.0170497,0.0170514,0.0171229,0.0170651,0.0218513,0.0221647,0.0218444,0.0218316,0.0222507
2,2,4,32,1024,32,192,0.0233825,0.0221499,mlir,-0.001233,-5.56,0.0233825,0.0233439,0.0234329,0.0233531,0.0234339,0.0221048,0.0223731,0.0220244,0.0221499,0.0223745
2,2,4,32,1024,32,256,0.0258176,0.0222137,mlir,-0.003604,-16.22,0.02575,0.0258099,0.0258279,0.0258207,0.0258176,0.0222737,0.0222219,0.0220956,0.0222137,0.0221485
2,2,4,32,1024,48,32,0.0139112,0.0219503,ck,0.008039,36.62,0.0139452,0.0139116,0.0138629,0.0139112,0.013867,0.0219418,0.0219692,0.0220787,0.0216844,0.0219503
2,2,4,32,1024,48,48,0.0160339,0.0221827,ck,0.006149,27.72,0.0160284,0.0160679,0.0160339,0.0160667,0.0160304,0.0221091,0.0220654,0.0221827,0.022236,0.0224973
2,2,4,32,1024,48,64,0.0152343,0.0219002,ck,0.006666,30.44,0.0152656,0.0152236,0.0152133,0.0152343,0.0152678,0.0220975,0.0219312,0.021895,0.0219002,0.0216106
2,2,4,32,1024,48,80,0.0180856,0.0219578,ck,0.003872,17.63,0.0180799,0.0180856,0.018091,0.0180852,0.0180965,0.0219529,0.0217802,0.0219578,0.0222791,0.0220766
2,2,4,32,1024,48,96,0.0179583,0.0218508,ck,0.003893,17.81,0.0179466,0.0179583,0.0179904,0.0179534,0.0179607,0.0218243,0.022188,0.0218451,0.0219053,0.0218508
2,2,4,32,1024,48,128,0.0202041,0.0218956,ck,0.001692,7.73,0.0201525,0.0202041,0.0202099,0.0202092,0.0201435,0.0220253,0.0216431,0.0218956,0.0214341,0.0219675
2,2,4,32,1024,48,192,0.0245734,0.0237049,mlir,-0.000868,-3.66,0.0245612,0.0245999,0.0245734,0.0245964,0.0245727,0.0236163,0.0237899,0.0235533,0.0237683,0.0237049
2,2,4,32,1024,48,256,0.0262077,0.0234681,mlir,-0.002740,-11.67,0.026207,0.0262908,0.0262455,0.0261992,0.0262077,0.0234469,0.0234685,0.0236131,0.0234681,0.0232126
2,2,4,32,1024,64,32,0.0137888,0.0218711,ck,0.008082,36.95,0.0138149,0.0136922,0.0137888,0.0136936,0.0137893,0.0217828,0.0218711,0.0219109,0.021846,0.021908
2,2,4,32,1024,64,48,0.014624,0.0217792,ck,0.007155,32.85,0.014625,0.0145502,0.014624,0.0145517,0.0146272,0.0217452,0.0216924,0.0217792,0.0220993,0.0219973
2,2,4,32,1024,64,64,0.0150874,0.0219156,ck,0.006828,31.16,0.0151339,0.0150874,0.0150802,0.01519,0.0150814,0.0218234,0.0219156,0.0219271,0.021434,0.022049
2,2,4,32,1024,64,80,0.0171934,0.0219171,ck,0.004724,21.55,0.0172215,0.0171934,0.017163,0.0172141,0.0171778,0.0219171,0.021974,0.021721,0.0219349,0.0217722
2,2,4,32,1024,64,96,0.0174118,0.0219162,ck,0.004504,20.55,0.0174446,0.0174081,0.0174395,0.0174118,0.0174084,0.0220843,0.0218664,0.0215619,0.0219162,0.0221204
2,2,4,32,1024,64,128,0.0181307,0.0222795,ck,0.004149,18.62,0.0181437,0.0181148,0.0181307,0.0180494,0.0181338,0.0220078,0.0222795,0.0223203,0.0218672,0.0224114
2,2,4,32,1024,64,192,0.0236579,0.0236382,mlir,-0.000020,-0.08,0.02366,0.0236713,0.0236579,0.0236396,0.0236565,0.0234445,0.0238503,0.023399,0.0238462,0.0236382
2,2,4,32,1024,64,256,0.0249727,0.0233427,mlir,-0.001630,-6.98,0.0249759,0.0249726,0.0249766,0.0249727,0.0249687,0.0232945,0.0234353,0.0233427,0.0234397,0.0232766
2,2,4,32,1024,80,32,0.0167355,0.0219134,ck,0.005178,23.63,0.0167355,0.0166265,0.0167415,0.0166026,0.0168016,0.0221995,0.0218908,0.0216965,0.021952,0.0219134
2,2,4,32,1024,80,48,0.0179793,0.0218379,ck,0.003859,17.67,0.0180261,0.0179793,0.0179821,0.0179761,0.017978,0.0217934,0.0221171,0.0219066,0.0218379,0.0217746
2,2,4,32,1024,80,64,0.0168603,0.021802,ck,0.004942,22.67,0.0168478,0.016865,0.0168603,0.0168641,0.0168319,0.021802,0.021976,0.0216773,0.021793,0.0218251
2,2,4,32,1024,80,80,0.020114,0.0217861,ck,0.001672,7.68,0.0201115,0.0200993,0.0201147,0.0201524,0.020114,0.0217861,0.0215583,0.021542,0.021984,0.0220454
2,2,4,32,1024,80,96,0.0209477,0.0219684,ck,0.001021,4.65,0.0209477,0.0209991,0.0209626,0.0208986,0.0209406,0.0219684,0.0219686,0.0220531,0.0219599,0.0219421
2,2,4,32,1024,80,128,0.0191986,0.0220336,ck,0.002835,12.87,0.0192557,0.0191592,0.0192718,0.0191634,0.0191986,0.0217939,0.0219345,0.0220336,0.0220606,0.0222178
2,2,4,32,1024,80,192,0.027299,0.0243997,mlir,-0.002899,-11.88,0.0272979,0.0273649,0.0272791,0.0273132,0.027299,0.024389,0.024587,0.0243895,0.0245923,0.0243997
2,2,4,32,1024,80,256,0.0269275,0.024188,mlir,-0.002739,-11.33,0.0269275,0.0268736,0.0269411,0.0268465,0.0269485,0.0241864,0.0244679,0.024188,0.0244738,0.0241058
2,2,4,32,1024,96,32,0.0146717,0.0218047,ck,0.007133,32.71,0.0146738,0.0144356,0.0146717,0.0146121,0.0146733,0.0217489,0.0218047,0.0219659,0.0218371,0.0218014
2,2,4,32,1024,96,48,0.016534,0.0220098,ck,0.005476,24.88,0.0165851,0.0164234,0.016534,0.0165424,0.0165255,0.0218719,0.0220655,0.022127,0.0220098,0.0219013
2,2,4,32,1024,96,64,0.0164177,0.0222004,ck,0.005783,26.05,0.0164435,0.0163507,0.0164202,0.0163566,0.0164177,0.0222547,0.0222004,0.021852,0.0221158,0.0222345
2,2,4,32,1024,96,80,0.0185297,0.0220061,ck,0.003476,15.80,0.0185416,0.0185378,0.0184821,0.0185297,0.0185138,0.021699,0.0221001,0.0217036,0.0220482,0.0220061
2,2,4,32,1024,96,96,0.0191225,0.0219169,ck,0.002794,12.75,0.0191225,0.0192015,0.0190706,0.0192042,0.0190696,0.0220899,0.0218262,0.0219456,0.0219169,0.0218506
2,2,4,32,1024,96,128,0.0197909,0.0218742,ck,0.002083,9.52,0.0197672,0.0198044,0.0197904,0.0197909,0.0198428,0.0220933,0.0218579,0.0218742,0.0219377,0.0216326
2,2,4,32,1024,96,192,0.0261458,0.0245583,mlir,-0.001587,-6.46,0.0261511,0.0261142,0.0261031,0.0261458,0.0261754,0.0245583,0.0246093,0.024589,0.0245071,0.0243907
2,2,4,32,1024,96,256,0.0285157,0.0244078,mlir,-0.004108,-16.83,0.0285164,0.0284917,0.0285159,0.0285157,0.0285109,0.0244741,0.0243835,0.0244564,0.0244078,0.0243517
2,2,4,32,1024,128,32,0.0159377,0.0219677,ck,0.006030,27.45,0.0159377,0.0159421,0.0157223,0.0159398,0.0157259,0.021831,0.021633,0.0219797,0.0219677,0.0219692
2,2,4,32,1024,128,48,0.0165687,0.022007,ck,0.005438,24.71,0.016549,0.0165335,0.0165687,0.0165856,0.0165724,0.0219872,0.022007,0.0220057,0.0221187,0.0220393
2,2,4,32,1024,128,64,0.0166716,0.0218359,ck,0.005164,23.65,0.0166719,0.0166715,0.0166294,0.0166716,0.0167069,0.0218359,0.0217687,0.0217793,0.022037,0.0218643
2,2,4,32,1024,128,80,0.0178594,0.0220103,ck,0.004151,18.86,0.0178594,0.0179786,0.0178536,0.0179252,0.0178519,0.0223047,0.0218553,0.0219916,0.0220103,0.0220208
2,2,4,32,1024,128,96,0.0193543,0.0219037,ck,0.002549,11.64,0.0194035,0.0193646,0.0193429,0.0193476,0.0193543,0.0221825,0.0217695,0.0219917,0.0219037,0.0217617
2,2,4,32,1024,128,128,0.0201177,0.0218976,ck,0.001780,8.13,0.0201146,0.0201631,0.0201116,0.0201494,0.0201177,0.0218796,0.0219912,0.0221068,0.0218976,0.0218953
2,2,4,32,1024,128,192,0.0255196,0.025634,ck,0.000114,0.45,0.0255196,0.0255603,0.0254938,0.0255162,0.0255864,0.025634,0.0255037,0.0256341,0.025501,0.0256344
2,2,4,32,1024,128,256,0.0287986,0.0252631,mlir,-0.003536,-13.99,0.0287746,0.0287986,0.0288251,0.0287683,0.0288021,0.0252631,0.0247843,0.0252673,0.0247325,0.0253122
2,2,4,32,1024,192,32,0.0178381,0.0238258,ck,0.005988,25.13,0.0177381,0.0178893,0.0177935,0.0178879,0.0178381,0.0238283,0.0237259,0.023833,0.0233426,0.0238258
2,2,4,32,1024,192,48,0.0185635,0.0240292,ck,0.005466,22.75,0.0186314,0.0185635,0.0185584,0.0185627,0.0185776,0.0239755,0.0240806,0.0239923,0.0240292,0.0240401
2,2,4,32,1024,192,64,0.0189368,0.0239323,ck,0.004995,20.87,0.0189917,0.0189368,0.0189237,0.0189932,0.0189245,0.0239323,0.0241794,0.0239317,0.0241717,0.0239249
2,2,4,32,1024,192,80,0.021583,0.0240883,ck,0.002505,10.40,0.0216303,0.0214653,0.021583,0.0215426,0.0215841,0.0240883,0.0240994,0.0240383,0.024108,0.0240709
2,2,4,32,1024,192,96,0.0221738,0.0240058,ck,0.001832,7.63,0.0221194,0.0221886,0.022233,0.0221576,0.0221738,0.024011,0.0239999,0.0240058,0.0240855,0.0239774
2,2,4,32,1024,192,128,0.0230357,0.0240578,ck,0.001022,4.25,0.0230357,0.0230307,0.0230405,0.0230412,0.023031,0.0240751,0.0239663,0.0240578,0.0239602,0.0240767
2,2,4,32,1024,192,192,0.0273706,0.0280431,ck,0.000673,2.40,0.0274209,0.027424,0.0273706,0.0273613,0.0273661,0.0280458,0.0279215,0.0280431,0.0278946,0.0280872
2,2,4,32,1024,192,256,0.0293302,0.0274644,mlir,-0.001866,-6.79,0.0293302,0.0293743,0.0293057,0.0293033,0.0293412,0.0274669,0.0274634,0.0274644,0.0272828,0.0274656
2,2,4,32,1024,256,32,0.0200021,0.0257071,ck,0.005705,22.19,0.0199992,0.0200021,0.0199837,0.020006,0.0200051,0.0257071,0.0256113,0.0257093,0.0256077,0.0257094
2,2,4,32,1024,256,48,0.0207665,0.0257211,ck,0.004955,19.26,0.0207665,0.0207748,0.0207593,0.0207755,0.0207535,0.0257173,0.0257747,0.0257211,0.0257753,0.0257194
2,2,4,32,1024,256,64,0.0213067,0.0256289,ck,0.004322,16.86,0.0213067,0.0213357,0.0213053,0.0213288,0.0212609,0.0256202,0.0256337,0.0256289,0.0254462,0.0256836
2,2,4,32,1024,256,80,0.0232524,0.0258014,ck,0.002549,9.88,0.0231886,0.0232627,0.0231464,0.0232648,0.0232524,0.0258192,0.025721,0.0258014,0.0257877,0.0258256
2,2,4,32,1024,256,96,0.0245072,0.0258548,ck,0.001348,5.21,0.024532,0.0245148,0.0245002,0.0244687,0.0245072,0.0259122,0.0258101,0.0258548,0.0256533,0.0259211
2,2,4,32,1024,256,128,0.024698,0.0258331,ck,0.001135,4.39,0.024698,0.0246811,0.0247059,0.0246326,0.0247703,0.0258331,0.025445,0.0258373,0.0255148,0.0258446
2,2,4,32,1024,256,192,0.0308292,0.0295471,mlir,-0.001282,-4.34,0.0307844,0.030919,0.0308292,0.0308608,0.0307765,0.0296158,0.0291559,0.0295471,0.0291485,0.0295496
2,2,4,32,1024,256,256,0.032358,0.0297133,mlir,-0.002645,-8.90,0.032358,0.0323537,0.0323606,0.0323483,0.0323969,0.0297193,0.0294944,0.0297133,0.029493,0.0297194
2,2,4,32,2048,32,32,0.0211972,0.0287614,ck,0.007564,26.30,0.0210909,0.02125,0.0211972,0.0212468,0.0211944,0.0287788,0.0285793,0.0287742,0.0285772,0.0287614
2,2,4,32,2048,32,48,0.0245577,0.0283969,ck,0.003839,13.52,0.0244924,0.0245989,0.0245534,0.0246026,0.0245577,0.0283969,0.0284175,0.0283962,0.0283116,0.0284003
2,2,4,32,2048,32,64,0.0255912,0.0283832,ck,0.002792,9.84,0.025571,0.0256439,0.0255912,0.0256402,0.0255904,0.0286064,0.0283815,0.0286032,0.0283361,0.0283832
2,2,4,32,2048,32,80,0.0267413,0.0282877,ck,0.001546,5.47,0.0266975,0.026761,0.026697,0.0267601,0.0267413,0.0283059,0.0283092,0.0281978,0.0282877,0.0282067
2,2,4,32,2048,32,96,0.0289614,0.0285903,mlir,-0.000371,-1.30,0.0289602,0.0289614,0.0289768,0.0289655,0.0289591,0.0285903,0.0285367,0.0285915,0.0282479,0.0285921
2,2,4,32,2048,32,128,0.0281322,0.0285797,ck,0.000447,1.57,0.0281092,0.0281322,0.0281352,0.0281344,0.0280646,0.0286066,0.0285699,0.0286351,0.0283992,0.0285797
2,2,4,32,2048,32,192,0.0399089,0.0353256,mlir,-0.004583,-12.97,0.0398672,0.039922,0.0399089,0.0399187,0.0398954,0.035334,0.0352786,0.0353278,0.0352798,0.0353256
2,2,4,32,2048,32,256,0.0425021,0.0347468,mlir,-0.007755,-22.32,0.0424588,0.0425021,0.0424572,0.042637,0.0425403,0.0347468,0.0342733,0.0347479,0.0342664,0.0347479
2,2,4,32,2048,48,32,0.0221951,0.0317164,ck,0.009521,30.02,0.022191,0.022393,0.0221778,0.0223674,0.0221951,0.0317828,0.0314069,0.0317187,0.0313808,0.0317164
2,2,4,32,2048,48,48,0.0264261,0.031548,ck,0.005122,16.24,0.0264261,0.0264092,0.026426,0.0264422,0.0265026,0.0315625,0.0314765,0.031548,0.0313844,0.0315514
2,2,4,32,2048,48,64,0.0250056,0.0318913,ck,0.006886,21.59,0.0249632,0.0250352,0.0250056,0.0250341,0.024997,0.0318913,0.0316382,0.0318917,0.0317277,0.0319672
2,2,4,32,2048,48,80,0.0309544,0.0315198,ck,0.000565,1.79,0.0309312,0.0309544,0.0310151,0.030946,0.0309766,0.0315198,0.0314649,0.0315778,0.031503,0.0316238
2,2,4,32,2048,48,96,0.0300723,0.0316273,ck,0.001555,4.92,0.0300978,0.0300625,0.0300914,0.0300467,0.0300723,0.0315171,0.0316681,0.031637,0.0315322,0.0316273
2,2,4,32,2048,48,128,0.0339962,0.0310834,mlir,-0.002913,-9.37,0.0339645,0.0340182,0.0339946,0.0340148,0.0339962,0.031138,0.0309258,0.0311381,0.0308271,0.0310834
2,2,4,32,2048,48,192,0.0413219,0.0384816,mlir,-0.002840,-7.38,0.0413101,0.0413219,0.0413008,0.0413708,0.0413427,0.0385049,0.0384124,0.0384816,0.0384121,0.0384912
2,2,4,32,2048,48,256,0.0432581,0.0377374,mlir,-0.005521,-14.63,0.0432581,0.0432713,0.0432992,0.0432475,0.0432251,0.0377374,0.0372869,0.0377506,0.0372824,0.0377389
2,2,4,32,2048,64,32,0.0227786,0.0312984,ck,0.008520,27.22,0.0224619,0.0227837,0.0226881,0.0227787,0.0227786,0.03131,0.0313052,0.0312984,0.0311025,0.0312931
2,2,4,32,2048,64,48,0.0241557,0.0316272,ck,0.007472,23.62,0.0241335,0.0241711,0.0241321,0.0241696,0.0241557,0.0316272,0.0316326,0.0316841,0.0315351,0.0315903
2,2,4,32,2048,64,64,0.0251285,0.0317526,ck,0.006624,20.86,0.0251285,0.0251419,0.0251237,0.0251419,0.025126,0.0317793,0.0317101,0.0317611,0.031322,0.0317526
2,2,4,32,2048,64,80,0.0283864,0.0317027,ck,0.003316,10.46,0.0283864,0.028403,0.0283755,0.0283994,0.0283714,0.0317027,0.0316465,0.0317778,0.0317198,0.0316404
2,2,4,32,2048,64,96,0.0293466,0.0317892,ck,0.002443,7.68,0.0293652,0.0293522,0.0293294,0.0293451,0.0293466,0.0317937,0.0315116,0.0318138,0.0315213,0.0317892
2,2,4,32,2048,64,128,0.0306246,0.0314821,ck,0.000858,2.72,0.0306194,0.0306735,0.0306246,0.0306667,0.0306227,0.0314821,0.0315046,0.0314774,0.0315019,0.0314746
2,2,4,32,2048,64,192,0.0411773,0.038478,mlir,-0.002699,-7.02,0.0411775,0.0411538,0.0411773,0.041153,0.0411816,0.0384795,0.0384153,0.0384791,0.0380549,0.038478
2,2,4,32,2048,64,256,0.0442354,0.0376045,mlir,-0.006631,-17.63,0.0442171,0.0442528,0.0442354,0.0442296,0.0442439,0.0377682,0.0375978,0.0377778,0.0376045,0.0375651
2,2,4,32,2048,80,32,0.0276984,0.0335223,ck,0.005824,17.37,0.0277962,0.0276566,0.0276984,0.0277959,0.0276976,0.0335223,0.0333559,0.0335339,0.033399,0.03354
2,2,4,32,2048,80,48,0.0308068,0.0331651,ck,0.002358,7.11,0.0307772,0.030815,0.0308068,0.0308634,0.0307927,0.0331693,0.033034,0.0331804,0.0330607,0.0331651
2,2,4,32,2048,80,64,0.0281413,0.033362,ck,0.005221,15.65,0.0281448,0.0281404,0.0281423,0.0281169,0.0281413,0.0333952,0.0332533,0.0333675,0.0332094,0.033362
2,2,4,32,2048,80,80,0.0338049,0.0333821,mlir,-0.000423,-1.27,0.033819,0.0337681,0.0337819,0.0338049,0.0338126,0.0333789,0.0333953,0.0333821,0.0334144,0.0333712
2,2,4,32,2048,80,96,0.0360756,0.03317,mlir,-0.002906,-8.76,0.0360756,0.0360984,0.0360656,0.0361005,0.0360685,0.03317,0.033213,0.0331783,0.0331008,0.0331634
2,2,4,32,2048,80,128,0.0324799,0.0332096,ck,0.000730,2.20,0.0324615,0.0325199,0.0324495,0.0324923,0.0324799,0.0332411,0.0332096,0.0332238,0.0331849,0.0332008
2,2,4,32,2048,80,192,0.0474968,0.0401037,mlir,-0.007393,-18.43,0.0475123,0.0474927,0.0474968,0.0474559,0.0475101,0.0401037,0.0403064,0.0400979,0.040277,0.0400468
2,2,4,32,2048,80,256,0.0466552,0.0393417,mlir,-0.007314,-18.59,0.0466552,0.0466468,0.0466714,0.0465945,0.0466781,0.0393417,0.0392684,0.039343,0.0393707,0.0393339
2,2,4,32,2048,96,32,0.0242063,0.0335992,ck,0.009393,27.96,0.0241898,0.0242499,0.0242063,0.0242664,0.0241082,0.033615,0.0335927,0.0332483,0.0335992,0.0337566
2,2,4,32,2048,96,48,0.0272985,0.0332609,ck,0.005962,17.93,0.027252,0.0273053,0.0272974,0.0272993,0.0272985,0.0331842,0.0333138,0.0332754,0.0331573,0.0332609
2,2,4,32,2048,96,64,0.0280652,0.0336407,ck,0.005576,16.57,0.0280652,0.028064,0.0280674,0.0280792,0.0280354,0.0336552,0.0333243,0.0336474,0.0333306,0.0336407
2,2,4,32,2048,96,80,0.0313763,0.0332773,ck,0.001901,5.71,0.0313871,0.0313782,0.0313397,0.031372,0.0313763,0.0332773,0.0334357,0.033269,0.033429,0.0332587
2,2,4,32,2048,96,96,0.0323982,0.0334366,ck,0.001038,3.11,0.0323967,0.0325292,0.032393,0.0325296,0.0323982,0.0334366,0.0331196,0.0334502,0.0333752,0.0334437
2,2,4,32,2048,96,128,0.0337636,0.0334915,mlir,-0.000272,-0.81,0.0337565,0.033792,0.0337636,0.0337919,0.0337633,0.0335151,0.0333004,0.033519,0.0331475,0.0334915
2,2,4,32,2048,96,192,0.0446377,0.0404989,mlir,-0.004139,-10.22,0.0446107,0.044622,0.0446446,0.0446377,0.0446447,0.0405041,0.0403603,0.0404999,0.0400512,0.0404989
2,2,4,32,2048,96,256,0.0493214,0.0397944,mlir,-0.009527,-23.94,0.0493214,0.0492601,0.0493389,0.0493364,0.0492463,0.0398217,0.03932,0.0397944,0.0396078,0.039795
2,2,4,32,2048,128,32,0.0263041,0.0349444,ck,0.008640,24.73,0.0263041,0.0262558,0.0263895,0.0262603,0.0263957,0.0347087,0.0350728,0.0349444,0.0346027,0.0350703
2,2,4,32,2048,128,48,0.0277576,0.0347078,ck,0.006950,20.02,0.0277631,0.0277539,0.0277665,0.0277576,0.0277567,0.0347004,0.0347136,0.0347049,0.0347525,0.0347078
2,2,4,32,2048,128,64,0.0281473,0.0353708,ck,0.007224,20.42,0.028146,0.0281473,0.0281581,0.0281445,0.0281602,0.0353742,0.0350129,0.0353725,0.0350188,0.0353708
2,2,4,32,2048,128,80,0.0305382,0.0347423,ck,0.004204,12.10,0.0305382,0.030565,0.0305247,0.03056,0.0305231,0.0347257,0.0348255,0.0347423,0.0348319,0.0347291
2,2,4,32,2048,128,96,0.0329506,0.0348986,ck,0.001948,5.58,0.0329434,0.0329816,0.0329506,0.0329817,0.0329325,0.0348986,0.0349542,0.0349156,0.0346054,0.0348953
2,2,4,32,2048,128,128,0.0341232,0.034581,ck,0.000458,1.32,0.0341232,0.0341383,0.0341095,0.0341354,0.034116,0.0345812,0.0341981,0.034581,0.0344355,0.0345931
2,2,4,32,2048,128,192,0.0449124,0.0419584,mlir,-0.002954,-7.04,0.0449124,0.0449074,0.0449072,0.0449136,0.0449185,0.0419939,0.0419165,0.0419702,0.0419221,0.0419584
2,2,4,32,2048,128,256,0.0495015,0.0415458,mlir,-0.007956,-19.15,0.0494948,0.0495496,0.0495015,0.0495331,0.0494899,0.0415458,0.0410406,0.041548,0.0412877,0.0415529
2,2,4,32,2048,192,32,0.0299327,0.0393747,ck,0.009442,23.98,0.0299327,0.0299745,0.0298501,0.0299743,0.0298227,0.0394065,0.0392257,0.039384,0.0392252,0.0393747
2,2,4,32,2048,192,48,0.0317278,0.0396216,ck,0.007894,19.92,0.0317767,0.0317175,0.0317383,0.0317118,0.0317278,0.0396188,0.0396597,0.0396216,0.0396479,0.0396195
2,2,4,32,2048,192,64,0.0324275,0.0391277,ck,0.006700,17.12,0.0324275,0.0324249,0.0324344,0.0324066,0.0324307,0.0391277,0.0392864,0.0389618,0.0392789,0.0389322
2,2,4,32,2048,192,80,0.0374175,0.0395853,ck,0.002168,5.48,0.0374206,0.0374024,0.0374219,0.0373579,0.0374175,0.0395704,0.0396395,0.0395853,0.0396632,0.0395623
2,2,4,32,2048,192,96,0.0382086,0.0399668,ck,0.001758,4.40,0.0382104,0.0381995,0.0382086,0.0382115,0.0381912,0.0399872,0.0398978,0.0399836,0.0396795,0.0399668
2,2,4,32,2048,192,128,0.0397365,0.0400124,ck,0.000276,0.69,0.0396977,0.0397483,0.0397365,0.0397441,0.0397314,0.0400268,0.0396277,0.0400125,0.0396628,0.0400124
2,2,4,32,2048,192,192,0.0486211,0.0468179,mlir,-0.001803,-3.85,0.0486006,0.0486403,0.0486211,0.0486424,0.0486081,0.0468179,0.0465321,0.046831,0.0466868,0.0468216
2,2,4,32,2048,192,256,0.0521403,0.0460969,mlir,-0.006043,-13.11,0.0521399,0.0521445,0.0521479,0.0521221,0.0521403,0.0461341,0.0456242,0.0460969,0.0456064,0.0461002
2,2,4,32,2048,256,32,0.0343632,0.0432004,ck,0.008837,20.46,0.0343537,0.0344597,0.0343632,0.0344644,0.0343575,0.0432004,0.0430411,0.0432128,0.0430442,0.0432041
2,2,4,32,2048,256,48,0.0358978,0.0433581,ck,0.007460,17.21,0.0358656,0.0358978,0.0359113,0.0358969,0.0359054,0.0433356,0.0434462,0.0433293,0.0433912,0.0433581
2,2,4,32,2048,256,64,0.0367736,0.0428183,ck,0.006045,14.12,0.0367624,0.0368216,0.0367603,0.0368201,0.0367736,0.0430342,0.0428183,0.0430159,0.0427971,0.0427862
2,2,4,32,2048,256,80,0.0406115,0.0435741,ck,0.002963,6.80,0.0406044,0.0406695,0.0406115,0.0406895,0.0405709,0.0434641,0.0435741,0.043583,0.0435905,0.0435689
2,2,4,32,2048,256,96,0.0430657,0.043536,ck,0.000470,1.08,0.0430751,0.0431247,0.0430657,0.0430498,0.0430532,0.043536,0.0431854,0.0435393,0.0436204,0.0435335
2,2,4,32,2048,256,128,0.0432262,0.0431361,mlir,-0.000090,-0.21,0.0432305,0.0431709,0.0432386,0.0431737,0.0432262,0.042977,0.0431361,0.0431703,0.0431432,0.0429806
2,2,4,32,2048,256,192,0.0553079,0.0501792,mlir,-0.005129,-10.22,0.0553167,0.0552401,0.0553116,0.0552387,0.0553079,0.0501879,0.0501792,0.0501713,0.0501883,0.0501152
2,2,4,32,2048,256,256,0.0579218,0.0614916,ck,0.003570,5.81,0.0579131,0.0579218,0.0579323,0.0579302,0.0579144,0.0615372,0.0614101,0.0614916,0.0615672,0.0613649
2,2,4,32,4096,32,32,0.0373653,0.0489954,ck,0.011630,23.74,0.0373927,0.0371655,0.0373737,0.0372641,0.0373653,0.0489818,0.0493049,0.0489954,0.0492856,0.0489938
2,2,4,32,4096,32,48,0.0437145,0.0486793,ck,0.004965,10.20,0.0437169,0.0436675,0.0437194,0.0436907,0.0437145,0.0485954,0.0486793,0.0485847,0.0486939,0.0487065
2,2,4,32,4096,32,64,0.0457196,0.0489283,ck,0.003209,6.56,0.0457245,0.0456914,0.0457165,0.0457379,0.0457196,0.0489347,0.0488043,0.0489394,0.0488092,0.0489283
2,2,4,32,4096,32,80,0.0477323,0.0481687,ck,0.000436,0.91,0.0477335,0.0477402,0.0476752,0.0477323,0.047669,0.0481687,0.0482201,0.0481553,0.0482372,0.0481602
2,2,4,32,4096,32,96,0.0529771,0.0488835,mlir,-0.004094,-8.37,0.0529956,0.0529412,0.0529771,0.0529393,0.0529804,0.0488862,0.0485905,0.0488835,0.0485881,0.0488898
2,2,4,32,4096,32,128,0.0500282,0.0488303,mlir,-0.001198,-2.45,0.0500123,0.0500845,0.0500077,0.05006,0.0500282,0.0488151,0.0488666,0.0488092,0.0488789,0.0488303
2,2,4,32,4096,32,192,0.0739744,0.0615335,mlir,-0.012441,-20.22,0.0739433,0.0740051,0.0739744,0.0739965,0.0739545,0.0615587,0.0611653,0.0615779,0.0611722,0.0615335
2,2,4,32,4096,32,256,0.0793845,0.0708369,mlir,-0.008548,-12.07,0.0793698,0.079417,0.0793845,0.0793639,0.0794144,0.0707747,0.0711355,0.0708369,0.0711434,0.0708353
2,2,4,32,4096,48,32,0.0392102,0.0549991,ck,0.015789,28.71,0.039223,0.039048,0.0392102,0.039065,0.0392168,0.05483,0.0551262,0.0548146,0.0551355,0.0549991
2,2,4,32,4096,48,48,0.0474384,0.0548212,ck,0.007383,13.47,0.047428,0.0474498,0.0474309,0.0475056,0.0474384,0.0546905,0.0548212,0.0548412,0.0548125,0.0548416
2,2,4,32,4096,48,64,0.0445461,0.0554547,ck,0.010909,19.67,0.0445461,0.0445485,0.044547,0.0445306,0.0445302,0.0554586,0.0554673,0.0554547,0.0554354,0.0554488
2,2,4,32,4096,48,80,0.056231,0.0548738,mlir,-0.001357,-2.47,0.0562413,0.0562271,0.0562183,0.0562553,0.056231,0.0549303,0.0548738,0.0547746,0.0547265,0.0548866
2,2,4,32,4096,48,96,0.0547766,0.0548559,ck,0.000079,0.14,0.05475,0.0547796,0.0547766,0.0547963,0.0547507,0.0548559,0.0547705,0.0548563,0.054775,0.0548628
2,2,4,32,4096,48,128,0.0620927,0.0537484,mlir,-0.008344,-15.52,0.0621945,0.062073,0.0621433,0.0620356,0.0620927,0.0537507,0.0536013,0.0537692,0.0535965,0.0537484
2,2,4,32,4096,48,192,0.0763748,0.0687332,mlir,-0.007642,-11.12,0.0763748,0.0763834,0.0763373,0.076381,0.0763663,0.0686859,0.0687332,0.0688543,0.0684347,0.068872
2,2,4,32,4096,48,256,0.0798572,0.0772591,mlir,-0.002598,-3.36,0.0798449,0.0798874,0.0798556,0.0798572,0.0798892,0.0772591,0.0771379,0.0773642,0.0771227,0.0773517
2,2,4,32,4096,64,32,0.0401532,0.0542859,ck,0.014133,26.03,0.0400738,0.0402093,0.0401532,0.0401985,0.0401458,0.054301,0.0541996,0.0542895,0.0542091,0.0542859
2,2,4,32,4096,64,48,0.0427502,0.0551088,ck,0.012359,22.43,0.0427779,0.042781,0.0427258,0.0427502,0.0427076,0.0551102,0.0549766,0.0551247,0.0551076,0.0551088
2,2,4,32,4096,64,64,0.0449214,0.0551959,ck,0.010274,18.61,0.0449121,0.0449908,0.0449214,0.044998,0.0448681,0.055209,0.0547716,0.0552063,0.0549429,0.0551959
2,2,4,32,4096,64,80,0.0514423,0.0551531,ck,0.003711,6.73,0.0514606,0.0514257,0.0514423,0.0514167,0.0514606,0.0551296,0.0551825,0.0551531,0.0552062,0.0551233
2,2,4,32,4096,64,96,0.053208,0.055284,ck,0.002076,3.76,0.053245,0.0532119,0.053208,0.0532075,0.0532043,0.0552777,0.0553108,0.0552982,0.0549989,0.055284
2,2,4,32,4096,64,128,0.0554099,0.054541,mlir,-0.000869,-1.59,0.0553521,0.0554325,0.0553187,0.0554292,0.0554099,0.0545495,0.0543341,0.0545365,0.054541,0.0545492
2,2,4,32,4096,64,192,0.075969,0.0721353,mlir,-0.003834,-5.31,0.0759624,0.075969,0.0760094,0.0759818,0.0759322,0.072233,0.0719932,0.0722159,0.0721353,0.0713021
2,2,4,32,4096,64,256,0.0820045,0.0774718,mlir,-0.004533,-5.85,0.0819971,0.0820045,0.0820108,0.0819993,0.0820209,0.0774901,0.0770575,0.0774718,0.0771011,0.077475
2,2,4,32,4096,80,32,0.0506823,0.0587923,ck,0.008110,13.79,0.0506049,0.0507485,0.050678,0.0507365,0.0506823,0.0588072,0.0586155,0.0588228,0.0585379,0.0587923
2,2,4,32,4096,80,48,0.0561741,0.0580495,ck,0.001875,3.23,0.0562486,0.0561274,0.0561741,0.0561157,0.0561758,0.0580571,0.0578758,0.0580772,0.057881,0.0580495
2,2,4,32,4096,80,64,0.0509307,0.0584773,ck,0.007547,12.91,0.0508544,0.050947,0.0509237,0.0509356,0.0509307,0.0584795,0.058481,0.0584773,0.0584708,0.0584656
2,2,4,32,4096,80,80,0.0612981,0.058426,mlir,-0.002872,-4.92,0.0612894,0.0612981,0.061285,0.0613149,0.0613023,0.0584466,0.0583591,0.0584559,0.0583746,0.058426
2,2,4,32,4096,80,96,0.0660235,0.058079,mlir,-0.007945,-13.68,0.0660346,0.0659665,0.0660236,0.0659325,0.0660235,0.058074,0.05795,0.0581013,0.0580926,0.058079
2,2,4,32,4096,80,128,0.0588471,0.0580459,mlir,-0.000801,-1.38,0.0588376,0.0589128,0.0588471,0.0589265,0.0588018,0.0580459,0.0580358,0.0580766,0.0580334,0.0580532
2,2,4,32,4096,80,192,0.0881406,0.0770006,mlir,-0.011140,-14.47,0.0881145,0.0881575,0.0881406,0.088158,0.088124,0.0770045,0.0768891,0.0770006,0.0769465,0.0770085
2,2,4,32,4096,80,256,0.0857146,0.0810832,mlir,-0.004631,-5.71,0.0857399,0.0856709,0.0857061,0.0857861,0.0857146,0.081088,0.0809118,0.0811303,0.0810221,0.0810832
2,2,4,32,4096,96,32,0.043026,0.059177,ck,0.016151,27.29,0.0430201,0.0430988,0.043026,0.0431118,0.0429601,0.059177,0.0588975,0.0591802,0.0586429,0.0591888
2,2,4,32,4096,96,48,0.0492325,0.0584033,ck,0.009171,15.70,0.0492597,0.0492274,0.0492456,0.0492072,0.0492325,0.0583833,0.0584499,0.0583902,0.0584173,0.0584033
2,2,4,32,4096,96,64,0.0504597,0.0589362,ck,0.008476,14.38,0.05043,0.0504597,0.0504306,0.0504668,0.0504811,0.0589438,0.0586043,0.0589362,0.0585974,0.058939
2,2,4,32,4096,96,80,0.0567863,0.0584067,ck,0.001620,2.77,0.0567863,0.0567566,0.0567819,0.0568408,0.0568132,0.0584085,0.0583207,0.0583977,0.0585391,0.0584067
2,2,4,32,4096,96,96,0.0588261,0.0585628,mlir,-0.000263,-0.45,0.0588151,0.0588251,0.0588263,0.0588261,0.0589638,0.0585628,0.0584594,0.0586029,0.0584813,0.0585789
2,2,4,32,4096,96,128,0.0625701,0.0586372,mlir,-0.003933,-6.71,0.0621552,0.0626077,0.0625701,0.0624784,0.063784,0.0586319,0.0586456,0.058636,0.0586425,0.0586372
2,2,4,32,4096,96,192,0.0831698,0.0772791,mlir,-0.005891,-7.62,0.0831698,0.0831717,0.0831068,0.0831759,0.0831349,0.0773604,0.0770707,0.077351,0.0771462,0.0772791
2,2,4,32,4096,96,256,0.0909315,0.0812927,mlir,-0.009639,-11.86,0.0908612,0.0909964,0.0909315,0.0909592,0.0908786,0.0813132,0.0812334,0.0813191,0.0812927,0.0812913
2,2,4,32,4096,128,32,0.0476618,0.0617925,ck,0.014131,22.87,0.0476618,0.0477159,0.0474928,0.0476748,0.0474986,0.0618074,0.0612793,0.0618098,0.0612974,0.0617925
2,2,4,32,4096,128,48,0.0501414,0.061277,ck,0.011136,18.17,0.0501393,0.0501546,0.0501414,0.0501646,0.0501333,0.0612831,0.0612766,0.0612748,0.061277,0.061301
2,2,4,32,4096,128,64,0.0506013,0.0623874,ck,0.011786,18.89,0.0505908,0.0505965,0.0506113,0.0506013,0.0506213,0.062396,0.0622792,0.0624102,0.0620545,0.0623874
2,2,4,32,4096,128,80,0.0552916,0.0613294,ck,0.006038,9.84,0.0552916,0.0552985,0.0552841,0.055306,0.0552191,0.0613076,0.06139,0.0613313,0.0613294,0.0612826
2,2,4,32,4096,128,96,0.0599539,0.0615041,ck,0.001550,2.52,0.0599486,0.0599539,0.0599391,0.0599721,0.0599596,0.0614653,0.0615041,0.0615042,0.0615115,0.0614855
2,2,4,32,4096,128,128,0.0620327,0.0672764,ck,0.005244,7.79,0.062022,0.0620528,0.0620226,0.0620619,0.0620327,0.0673094,0.067254,0.0672941,0.067185,0.0672764
2,2,4,32,4096,128,192,0.0849363,0.083089,mlir,-0.001847,-2.22,0.0849363,0.085023,0.0849203,0.084954,0.0849232,0.0830123,0.083089,0.0831058,0.082699,0.083154
2,2,4,32,4096,128,256,0.0901794,0.0871309,mlir,-0.003049,-3.50,0.0901823,0.0901962,0.0901568,0.0901794,0.0901617,0.0871889,0.0871309,0.0870807,0.0866721,0.0871983
2,2,4,32,4096,192,32,0.0549993,0.0705186,ck,0.015519,22.01,0.0549943,0.0551526,0.0549993,0.0551483,0.0549927,0.0705543,0.070141,0.0705319,0.0701356,0.0705186
2,2,4,32,4096,192,48,0.0580129,0.0716482,ck,0.013635,19.03,0.0580442,0.0579768,0.058061,0.0580129,0.0579639,0.0716482,0.0714081,0.07167,0.0714098,0.0717198
2,2,4,32,4096,192,64,0.0591126,0.0762752,ck,0.017163,22.50,0.0591126,0.0590805,0.0591049,0.0591547,0.0591187,0.0762752,0.0770496,0.0761957,0.0770993,0.0761569
2,2,4,32,4096,192,80,0.0693548,0.0778085,ck,0.008454,10.86,0.0693553,0.0692611,0.0693548,0.069356,0.0693515,0.0777985,0.0778701,0.0778085,0.0778167,0.0778062
2,2,4,32,4096,192,96,0.0707152,0.0781812,ck,0.007466,9.55,0.0707695,0.0707152,0.0706833,0.070668,0.0707656,0.0781933,0.0778836,0.0781812,0.077885,0.0781845
2,2,4,32,4096,192,128,0.0736251,0.0777995,ck,0.004174,5.37,0.0735971,0.0736059,0.0736251,0.0736298,0.0736408,0.0777995,0.0774077,0.0778655,0.0774196,0.0778544
2,2,4,32,4096,192,192,0.0900812,0.0958234,ck,0.005742,5.99,0.0900247,0.0900911,0.0900943,0.0900812,0.0900635,0.0958395,0.0958234,0.0958211,0.0958312,0.0957965
2,2,4,32,4096,192,256,0.097833,0.0986316,ck,0.000799,0.81,0.097833,0.0979377,0.0977819,0.0980672,0.0976932,0.0986384,0.0983313,0.0986316,0.0984013,0.0986342
2,2,4,32,4096,256,32,0.0632374,0.0871243,ck,0.023887,27.42,0.0632374,0.0633029,0.0631756,0.0631347,0.0633059,0.0871243,0.0872844,0.087091,0.0872892,0.0870893
2,2,4,32,4096,256,48,0.0661469,0.0872136,ck,0.021067,24.16,0.0661436,0.0661711,0.0661469,0.0661542,0.0661344,0.0872136,0.0872327,0.0871787,0.0872683,0.0871196
2,2,4,32,4096,256,64,0.0676597,0.0871676,ck,0.019508,22.38,0.0676578,0.0676597,0.0676642,0.0675675,0.067662,0.0871676,0.0873928,0.0871518,0.0873776,0.0869969
2,2,4,32,4096,256,80,0.0756426,0.087099,ck,0.011456,13.15,0.0756367,0.0756426,0.075637,0.0756458,0.0756524,0.087099,0.0870365,0.087157,0.0870346,0.0871504
2,2,4,32,4096,256,96,0.0797071,0.0874372,ck,0.007730,8.84,0.079713,0.0797071,0.0796623,0.0797004,0.0797289,0.0874351,0.0874221,0.0874547,0.0874519,0.0874372
2,2,4,32,4096,256,128,0.0799151,0.0881802,ck,0.008265,9.37,0.0799107,0.0799158,0.0799044,0.079919,0.0799151,0.0881802,0.0877768,0.0882921,0.0877927,0.0882498
2,2,4,32,4096,256,192,0.103787,0.11017,ck,0.006383,5.79,0.103809,0.103737,0.103787,0.10373,0.103859,0.110196,0.11017,0.109736,0.110175,0.109755
2,2,4,32,4096,256,256,0.123697,0.135986,ck,0.012289,9.04,0.124457,0.124386,0.123453,0.123658,0.123697,0.136072,0.127218,0.136078,0.135202,0.135986
